id,movie_name,year,rate,poster_image_url,trailer_url,content_rating,duration,language,country,aspect_ratio,genre,imdb_url
1233069,Exterritorial,2025,6.731,https://image.tmdb.org/t/p/w500/jM2uqCZNKbiyStyzXOERpMqAbdx.jpg,https://www.youtube.com/watch?v=tlLsFEDHtWs,R,109 min,de,Germany,N/A,Thriller / Action,https://www.imdb.com/title/tt30876483
1241436,Warfare,2025,7.205,https://image.tmdb.org/t/p/w500/j8tqBXwH2PxBPzbtO19BTF9Ukbf.jpg,https://www.youtube.com/watch?v=JER0Fkyy3tw,R,96 min,en,United Kingdom,N/A,War / Action,https://www.imdb.com/title/tt31434639
1197306,A Working Man,2025,6.505,https://image.tmdb.org/t/p/w500/6FRFIogh3zFnVWn7Z6zcYnIbRcX.jpg,https://www.youtube.com/watch?v=mdfrG2cLK58,R,116 min,en,United Kingdom,N/A,Action / Crime / Thriller,https://www.imdb.com/title/tt9150192
1144430,Last Bullet,2025,7.5,https://image.tmdb.org/t/p/w500/qycPITRqXgPai7zj1gKffjCdSB5.jpg,https://www.youtube.com/watch?v=r2u9GifyDg0,R,111 min,fr,Belgium,N/A,Action / Crime / Thriller,https://www.imdb.com/title/tt29768333
668489,Havoc,2025,6.582,https://image.tmdb.org/t/p/w500/r46leE6PSzLR3pnVzaxx5Q30yUF.jpg,https://www.youtube.com/watch?v=6txjTWLoSc8,R,107 min,en,United Kingdom,N/A,Action / Crime / Thriller,https://www.imdb.com/title/tt14123284
324544,In the Lost Lands,2025,6.332,https://image.tmdb.org/t/p/w500/dDlfjR7gllmr8HTeN6rfrYhTdwX.jpg,https://www.youtube.com/watch?v=CMyrp5Vk3mU,R,102 min,en,Germany,N/A,Action / Fantasy / Adventure,https://www.imdb.com/title/tt4419684
1153714,Death of a Unicorn,2025,6.4,https://image.tmdb.org/t/p/w500/lXR32JepFwD1UHkplWqtBP1K79z.jpg,https://www.youtube.com/watch?v=aQOle3MHnGs,R,107 min,en,United States of America,N/A,Horror / Fantasy / Comedy / Adventure,https://www.imdb.com/title/tt28443655
974573,Another Simple Favor,2025,6.123,https://image.tmdb.org/t/p/w500/zboCGZ4aIqPMd7VFI4HWnmc7KYJ.jpg,https://www.youtube.com/watch?v=QWajCwdC_TM,R,123 min,en,United States of America,N/A,Thriller / Comedy / Crime,https://www.imdb.com/title/tt20214908
1233413,Sinners,2025,7.6,https://image.tmdb.org/t/p/w500/jYfMTSiFFK7ffbY2lay4zyvTkEk.jpg,https://www.youtube.com/watch?v=O98jSd24lmA,R,138 min,en,United States of America,N/A,Action / Horror / Thriller,https://www.imdb.com/title/tt31193180
1414048,Day of Reckoning,2025,6.706,https://image.tmdb.org/t/p/w500/cVSjSQryFUERYSdOmdgJ2m0eBte.jpg,https://www.youtube.com/watch?v=tZaje_sh97A,R,106 min,en,United States of America,N/A,Western / Action,https://www.imdb.com/title/tt35317668
1124620,The Monkey,2025,5.901,https://image.tmdb.org/t/p/w500/yYa8Onk9ow7ukcnfp2QWVvjWYel.jpg,https://www.youtube.com/watch?v=husMGbXEIho,R,97 min,en,Canada,N/A,Horror / Comedy,https://www.imdb.com/title/tt27714946
335984,Blade Runner 2049,2017,7.58,https://image.tmdb.org/t/p/w500/gajva2L0rPYkEWjzgFlBXCAVBE5.jpg,https://www.youtube.com/watch?v=geFtxCSz8xI,R,164 min,en,Canada,N/A,Science Fiction / Drama,https://www.imdb.com/title/tt1856101
302946,The Accountant,2016,7.101,https://image.tmdb.org/t/p/w500/fceheXB5fC4WrLVuWJ6OZv9FXYr.jpg,https://www.youtube.com/watch?v=0KHOVlEpMyY,R,128 min,en,United States of America,N/A,Crime / Thriller / Drama,https://www.imdb.com/title/tt2140479
1092899,The Siege,2023,5.448,https://image.tmdb.org/t/p/w500/hVh4hMzkXNLnScudbid6hDvjMPk.jpg,https://www.youtube.com/watch?v=zt8Q9lqaAFE,R,97 min,en,United Kingdom,N/A,Action / Thriller,https://www.imdb.com/title/tt16916320
1195506,Novocaine,2025,6.92,https://image.tmdb.org/t/p/w500/xmMHGz9dVRaMY6rRAlEX4W0Wdhm.jpg,https://www.youtube.com/watch?v=99BLnkAlC1M,R,110 min,en,United States of America,N/A,Action / Comedy / Thriller,https://www.imdb.com/title/tt29603959
1045938,G20,2025,6.57,https://image.tmdb.org/t/p/w500/wv6oWAleCJZUk5htrGg413t3GCy.jpg,https://www.youtube.com/watch?v=ZL7R8qyQXrc,R,108 min,en,United States of America,N/A,Action / Mystery / Drama,https://www.imdb.com/title/tt23476986
870028,The AccountantÂ²,2025,7.237,https://image.tmdb.org/t/p/w500/kMDUS7VmFhb2coRfVBoGLR8ADBt.jpg,https://www.youtube.com/watch?v=RwXDphhQ9Tg,R,133 min,en,United States of America,N/A,Crime / Thriller / Action,https://www.imdb.com/title/tt7068946
496243,Parasite,2019,8.5,https://image.tmdb.org/t/p/w500/7IiTTgloJzvGI1TAYymCfbfl3vT.jpg,https://www.youtube.com/watch?v=bM9QabAojCg,R,133 min,ko,South Korea,N/A,Comedy / Thriller / Drama,https://www.imdb.com/title/tt6751668
348,Alien,1979,8.2,https://image.tmdb.org/t/p/w500/vfrQk5IPloGg1v9Rzbh2Eg3VGyM.jpg,https://www.youtube.com/watch?v=sVwH0hIvV5k,R,117 min,en,United States of America,N/A,Horror / Science Fiction,https://www.imdb.com/title/tt0078748
1293286,Gunslingers,2025,6.429,https://image.tmdb.org/t/p/w500/O7REXWPANWXvX2jhQydHjAq2DV.jpg,https://www.youtube.com/watch?v=G4hVWe4GOrk,R,104 min,en,United States of America,N/A,Western / Action,https://www.imdb.com/title/tt24850708
436969,The Suicide Squad,2021,7.489,https://image.tmdb.org/t/p/w500/q61qEyssk2ku3okWICKArlAdhBn.jpg,https://www.youtube.com/watch?v=eg5ciqQzmK0,R,132 min,en,United States of America,N/A,Action / Comedy / Adventure,https://www.imdb.com/title/tt6334354
574475,Final Destination Bloodlines,2025,6.9,https://image.tmdb.org/t/p/w500/cAoktVUBhGyULRoxV6mZ2LB3x7I.jpg,https://www.youtube.com/watch?v=xitSoRbHJ50,R,110 min,en,United States of America,N/A,Horror / Mystery,https://www.imdb.com/title/tt9619824
931349,Ash,2025,5.361,https://image.tmdb.org/t/p/w500/nRa8B3tQCUK6pVwjasIyQehbvpF.jpg,https://www.youtube.com/watch?v=uvp2EYCXYwU,R,95 min,en,Finland,N/A,Science Fiction / Horror / Thriller,https://www.imdb.com/title/tt17489650
1125899,Cleaner,2025,6.7,https://image.tmdb.org/t/p/w500/mwzDApMZAGeYCEVjhegKvCzDX0W.jpg,https://www.youtube.com/watch?v=c8sf0c-cjzQ,R,97 min,en,United Kingdom,N/A,Action / Thriller,https://www.imdb.com/title/tt27812086
1232546,Until Dawn,2025,6.5,https://image.tmdb.org/t/p/w500/6O9nkcmZBymDXtxOGJmulqcxJdv.jpg,https://www.youtube.com/watch?v=xR3lVHnh0Gg,R,103 min,en,United States of America,N/A,Horror / Mystery,https://www.imdb.com/title/tt30955489
1059073,Winter Spring Summer or Fall,2024,7.344,https://image.tmdb.org/t/p/w500/mEPi5ISa5RmzpzeDfwkhX0CcNsf.jpg,https://www.youtube.com/watch?v=84-KAOf4OPM,R,97 min,en,United States of America,N/A,Romance / Comedy / Drama,https://www.imdb.com/title/tt24515124
1126166,Flight Risk,2025,6.1,https://image.tmdb.org/t/p/w500/q0bCG4NX32iIEsRFZqRtuvzNCyZ.jpg,https://www.youtube.com/watch?v=Cml3CFDBj2s,R,91 min,en,United States of America,N/A,Action / Thriller,https://www.imdb.com/title/tt10078772
126889,Alien: Covenant,2017,6.155,https://image.tmdb.org/t/p/w500/zecMELPbU5YMQpC81Z8ImaaXuf9.jpg,https://www.youtube.com/watch?v=svnAD0TApb8,R,122 min,en,United States of America,N/A,Science Fiction / Horror / Thriller,https://www.imdb.com/title/tt2316204
533535,Deadpool & Wolverine,2024,7.598,https://image.tmdb.org/t/p/w500/8cdWjvZQUExUUTzyp4t6EDMubfO.jpg,https://www.youtube.com/watch?v=Idh8n5XuYIA,R,128 min,en,United States of America,N/A,Action / Comedy / Science Fiction,https://www.imdb.com/title/tt6263850
567609,Ready or Not,2019,7.035,https://image.tmdb.org/t/p/w500/oJD9KQFoObZmxAS1je56SIFVNJt.jpg,https://www.youtube.com/watch?v=ZtYTwUxhAoI,R,95 min,en,United States of America,N/A,Horror / Comedy,https://www.imdb.com/title/tt7798634
473,Pi,1998,7.115,https://image.tmdb.org/t/p/w500/fJA22FjlAW8rzrOw9Mwanl6oTc9.jpg,https://www.youtube.com/watch?v=yRjkQT9xLZs,R,84 min,en,United States of America,N/A,Mystery / Drama / Thriller,https://www.imdb.com/title/tt0138704
238,The Godfather,1972,8.687,https://image.tmdb.org/t/p/w500/3bhkrj58Vtu7enYsRolD1fZdja1.jpg,https://www.youtube.com/watch?v=Ew9ngL1GZvs,R,175 min,en,United States of America,N/A,Drama / Crime,https://www.imdb.com/title/tt0068646
427719,X-Rated 2: The Greatest Adult Stars of All-Time,2016,6.7,https://image.tmdb.org/t/p/w500/dW8AzndbV7gRYtmYLPSmHscugce.jpg,https://www.youtube.com/watch?v=8C-Ch1l9biw,R,95 min,en,United States of America,N/A,Documentary,https://www.imdb.com/title/tt6189052
539972,Kraven the Hunter,2024,6.583,https://image.tmdb.org/t/p/w500/1GvBhRxY6MELDfxFrete6BNhBB5.jpg,https://www.youtube.com/watch?v=hR1-ihzff3I,R,127 min,en,United States of America,N/A,Action / Adventure / Thriller,https://www.imdb.com/title/tt8790086
1055451,Founders Day,2024,4.541,https://image.tmdb.org/t/p/w500/ohzLPC9lHUWseBgB7HRcz0GBkFb.jpg,https://www.youtube.com/watch?v=ElnPVEYGCJw,R,107 min,en,United States of America,N/A,Horror / Thriller / Comedy,https://www.imdb.com/title/tt23785128
872585,Oppenheimer,2023,8.061,https://image.tmdb.org/t/p/w500/8Gxv8gSFCU0XGDykEGv7zR1n2ua.jpg,https://www.youtube.com/watch?v=qiuSBWVdgLI,R,181 min,en,United Kingdom,N/A,Drama / History,https://www.imdb.com/title/tt15398776
696506,Mickey 17,2025,6.9,https://image.tmdb.org/t/p/w500/edKpE9B5qN3e559OuMCLZdW1iBZ.jpg,https://www.youtube.com/watch?v=tA1s65o_kYM,R,137 min,en,United States of America,N/A,Science Fiction / Comedy / Adventure,https://www.imdb.com/title/tt12299608
1083968,Locked,2025,6.2,https://image.tmdb.org/t/p/w500/hhkiqXpfpufwxVrdSftzeKIANl3.jpg,https://www.youtube.com/watch?v=MHAf0S9kEZw,R,95 min,en,United States of America,N/A,Thriller,https://www.imdb.com/title/tt26671996
558449,Gladiator II,2024,6.7,https://image.tmdb.org/t/p/w500/2cxhvwyEwRlysAmRH4iodkvo0z5.jpg,https://www.youtube.com/watch?v=TQwSz88ITAE,R,148 min,en,United States of America,N/A,Action / Adventure / Drama,https://www.imdb.com/title/tt9218128
1064486,Memoir of a Snail,2024,8.053,https://image.tmdb.org/t/p/w500/57AgZv1ITeBLShiNdchZ5153evs.jpg,https://www.youtube.com/watch?v=q47QUYb0hjc,R,94 min,en,Australia,N/A,Animation / Drama / Comedy,https://www.imdb.com/title/tt23770030
933260,The Substance,2024,7.1,https://image.tmdb.org/t/p/w500/evdF1vmLzuzH8EFblqAXBXWRGSi.jpg,https://www.youtube.com/watch?v=lR5nlovVgvQ,R,141 min,en,France,N/A,Horror / Science Fiction,https://www.imdb.com/title/tt17526714
1356039,Counterattack,2025,8.369,https://image.tmdb.org/t/p/w500/38I76hGcFY6xB47pjm7pZwkfuAF.jpg,https://www.youtube.com/watch?v=pEO34SeTsY0,R,85 min,es,Mexico,N/A,Action / Adventure / Thriller,https://www.imdb.com/title/tt23648788
300668,Annihilation,2018,6.426,https://image.tmdb.org/t/p/w500/4YRplSk6BhH6PRuE9gfyw9byUJ6.jpg,https://www.youtube.com/watch?v=89OP78l9oF0,R,115 min,en,United Kingdom,N/A,Science Fiction / Horror,https://www.imdb.com/title/tt2798920
419430,Get Out,2017,7.6,https://image.tmdb.org/t/p/w500/tFXcEccSQMf3lfhfXKSU9iRBpa3.jpg,https://www.youtube.com/watch?v=gsB70ZRY-hI,R,104 min,en,United States of America,N/A,Mystery / Thriller / Horror,https://www.imdb.com/title/tt5052448
263115,Logan,2017,7.8,https://image.tmdb.org/t/p/w500/fnbjcRDYn6YviCcePDnGdyAkYsB.jpg,https://www.youtube.com/watch?v=XaE_9pfybL4,R,137 min,en,United States of America,N/A,Action / Drama / Science Fiction,https://www.imdb.com/title/tt3315342
769,GoodFellas,1990,8.5,https://image.tmdb.org/t/p/w500/aKuFiU82s5ISJpGZp7YkIr3kCUd.jpg,https://www.youtube.com/watch?v=PTBRNXGQR9Q,R,145 min,en,United States of America,N/A,Drama / Crime,https://www.imdb.com/title/tt0099685
1091,The Thing,1982,8.069,https://image.tmdb.org/t/p/w500/tzGY49kseSE9QAKk47uuDGwnSCu.jpg,https://www.youtube.com/watch?v=eke95-lTPnY,R,109 min,en,United States of America,N/A,Horror / Mystery / Science Fiction,https://www.imdb.com/title/tt0084787
324786,Hacksaw Ridge,2016,8.193,https://image.tmdb.org/t/p/w500/jhWbYeUNOA5zAb6ufK6pXQFXqTX.jpg,https://www.youtube.com/watch?v=s2-1hz1juBI,R,139 min,en,Australia,N/A,Drama / History / War,https://www.imdb.com/title/tt2119532
1405338,Demon City,2025,6.928,https://image.tmdb.org/t/p/w500/g5PqsFFrayyRL1Ldgib2lMYuJXg.jpg,https://www.youtube.com/watch?v=q-djvN7i5us,R,106 min,ja,Japan,N/A,Action / Crime / Fantasy / Thriller,https://www.imdb.com/title/tt35111035
1469239,Karol G: Tomorrow Was Beautiful,2025,8.522,https://image.tmdb.org/t/p/w500/5aXoQYwaQ7JJVUWclHAEXJgiS2M.jpg,https://www.youtube.com/watch?v=qE6Lez9aGHA,R,108 min,es,N/A,N/A,Music / Documentary,https://www.imdb.com/title/tt36617085
334541,Manchester by the Sea,2016,7.5,https://image.tmdb.org/t/p/w500/o9VXYOuaJxCEKOxbA86xqtwmqYn.jpg,https://www.youtube.com/watch?v=NxQmuJnrjxg,R,138 min,en,United States of America,N/A,Drama,https://www.imdb.com/title/tt4034228
1064213,Anora,2024,7.0,https://image.tmdb.org/t/p/w500/7MrgIUeq0DD2iF7GR6wqJfYZNeC.jpg,https://www.youtube.com/watch?v=8m6UrWMl18M,R,139 min,en,United States of America,N/A,Drama / Comedy / Romance,https://www.imdb.com/title/tt28607951
514593,You Should Have Left,2020,6.097,https://image.tmdb.org/t/p/w500/tpOwE6xsWnu4lKeKbKW0R3iClM.jpg,https://www.youtube.com/watch?v=Bw0-cV_J9q4,R,93 min,en,United States of America,N/A,Horror / Thriller,https://www.imdb.com/title/tt8201852
346672,Underworld: Blood Wars,2016,5.901,https://image.tmdb.org/t/p/w500/v1ciDCWMG47gdT4kMyjyQbnLQQn.jpg,https://www.youtube.com/watch?v=Jgj9Znp76PE,R,91 min,en,United States of America,N/A,Fantasy / Action / Thriller / Science Fiction,https://www.imdb.com/title/tt3717252
484247,A Simple Favor,2018,6.637,https://image.tmdb.org/t/p/w500/aIYsjQM0piKc0ibPBCTWv3sqshj.jpg,https://www.youtube.com/watch?v=rAqMlh0b2HU,R,117 min,en,Canada,N/A,Thriller / Crime / Comedy,https://www.imdb.com/title/tt7040874
840430,The Holdovers,2023,7.682,https://image.tmdb.org/t/p/w500/VHSzNBTwxV8vh7wylo7O9CLdac.jpg,https://www.youtube.com/watch?v=AhKLpJmHhIg,R,133 min,en,United States of America,N/A,Comedy / Drama,https://www.imdb.com/title/tt14849194
1084199,Companion,2025,7.1,https://image.tmdb.org/t/p/w500/oCoTgC3UyWGfyQ9thE10ulWR7bn.jpg,https://www.youtube.com/watch?v=Qr_kX0D3DNA,R,97 min,en,United States of America,N/A,Horror / Science Fiction / Thriller,https://www.imdb.com/title/tt26584495
945961,Alien: Romulus,2024,7.204,https://image.tmdb.org/t/p/w500/b33nnKl1GSFbao4l3fZDDqsMx0F.jpg,https://www.youtube.com/watch?v=x0XDEhP4MQs,R,119 min,en,United States of America,N/A,Horror / Science Fiction,https://www.imdb.com/title/tt18412256
1140535,Presence,2025,6.007,https://image.tmdb.org/t/p/w500/hZ8dTeBzigV5SVgwG1ikSROAFiS.jpg,https://www.youtube.com/watch?v=Ay4MJZH6_K8,R,84 min,en,United States of America,N/A,Horror / Drama / Thriller,https://www.imdb.com/title/tt28249919
1303236,GATAO: Like Father Like Son,2024,7.1,https://image.tmdb.org/t/p/w500/rJnpwN59avSW5vOu9BPiReHkQl4.jpg,https://www.youtube.com/watch?v=0-WfRiSENzc,R,131 min,zh,Taiwan,N/A,Crime / Action,https://www.imdb.com/title/tt32915791
375834,"It's Called 'Murder', Baby",1983,6.3,https://image.tmdb.org/t/p/w500/3t0AGedAVSiVOu8614okkVRyU1i.jpg,https://www.youtube.com/watch?v=io2ibNvqTsQ,R,94 min,en,United States of America,N/A,Mystery,
829557,365 Days: This Day,2022,5.9,https://image.tmdb.org/t/p/w500/iLmG3HCXVyqXYbFvUO1rfOeGa3Z.jpg,https://www.youtube.com/watch?v=pyM3z73oMAk,R,111 min,pl,Poland,N/A,Romance / Drama,https://www.imdb.com/title/tt12996154
278,The Shawshank Redemption,1994,8.71,https://image.tmdb.org/t/p/w500/9cqNxx0GxF0bflZmeSMuL5tnGzr.jpg,https://www.youtube.com/watch?v=PLl99DlL6b4,R,142 min,en,United States of America,N/A,Drama / Crime,https://www.imdb.com/title/tt0111161
603,The Matrix,1999,8.225,https://image.tmdb.org/t/p/w500/dXNAPwY7VrqMAo51EKhhCJfaGb5.jpg,https://www.youtube.com/watch?v=d0XTFAMmhrE,R,136 min,en,United States of America,N/A,Action / Science Fiction,https://www.imdb.com/title/tt0133093
340666,Nocturnal Animals,2016,7.423,https://image.tmdb.org/t/p/w500/mdLDgQBD0va09npSQX5Zgo2evXM.jpg,https://www.youtube.com/watch?v=SI45fDplBpw,R,117 min,en,United States of America,N/A,Drama / Thriller,https://www.imdb.com/title/tt4550098
395834,Wind River,2017,7.436,https://image.tmdb.org/t/p/w500/pySivdR845Hom4u4T2WNkJxe6Ad.jpg,https://www.youtube.com/watch?v=E0qRHABxvfc,R,107 min,en,France,N/A,Crime / Mystery / Thriller,https://www.imdb.com/title/tt5362988
402,Basic Instinct,1992,6.9,https://image.tmdb.org/t/p/w500/76Ts0yoHk8kVQj9MMnoMixhRWoh.jpg,https://www.youtube.com/watch?v=HL-eEzcSU3w,R,128 min,en,United States of America,N/A,Thriller / Mystery,https://www.imdb.com/title/tt0103772
98,Gladiator,2000,8.219,https://image.tmdb.org/t/p/w500/ty8TGRuvJLPUmAR1H1nRIsgwvim.jpg,https://www.youtube.com/watch?v=P5ieIbInFpg,R,155 min,en,United Kingdom,N/A,Action / Drama / Adventure,https://www.imdb.com/title/tt0172495
235,Stand by Me,1986,7.855,https://image.tmdb.org/t/p/w500/vz0w9BSehcqjDcJOjRaCk7fgJe7.jpg,https://www.youtube.com/watch?v=Ao9AI1pLeG0,R,89 min,en,United States of America,N/A,Crime / Drama,https://www.imdb.com/title/tt0092005
1035048,Elevation,2024,6.495,https://image.tmdb.org/t/p/w500/tnfc0NJ3BzhJrGJhkkEd6MHBdq5.jpg,https://www.youtube.com/watch?v=N7pZthBBLOA,R,91 min,en,United States of America,N/A,Action / Science Fiction / Thriller,https://www.imdb.com/title/tt23558280
1212855,Fight or Flight,2025,5.7,https://image.tmdb.org/t/p/w500/x4nWnfgJvL045rcUCSJzfgIIY9i.jpg,https://www.youtube.com/watch?v=SdsHRpjfqEI,R,97 min,en,United States of America,N/A,Action / Comedy / Thriller,https://www.imdb.com/title/tt13652286
458156,John Wick: Chapter 3 - Parabellum,2019,7.443,https://image.tmdb.org/t/p/w500/ziEuG1essDuWuC5lpWUaw1uXY2O.jpg,https://www.youtube.com/watch?v=pU8-7BX9uxs,R,131 min,en,United States of America,N/A,Action / Thriller / Crime,https://www.imdb.com/title/tt6146586
573435,Bad Boys: Ride or Die,2024,7.383,https://image.tmdb.org/t/p/w500/oGythE98MYleE6mZlGs5oBGkux1.jpg,https://www.youtube.com/watch?v=uWLNl_KQCAU,R,115 min,en,United States of America,N/A,Action / Comedy / Crime / Thriller / Adventure,https://www.imdb.com/title/tt4919268
383498,Deadpool 2,2018,7.49,https://image.tmdb.org/t/p/w500/to0spRl1CMDvyUbOnbb4fTk3VAd.jpg,https://www.youtube.com/watch?v=20bpjtCbCz0,R,120 min,en,United States of America,N/A,Action / Comedy / Adventure,https://www.imdb.com/title/tt5463162
1249289,Alarum,2025,5.748,https://image.tmdb.org/t/p/w500/v313aUGmMNj6yNveaiQXysBmjVS.jpg,https://www.youtube.com/watch?v=Kp6WlyxBHBM,R,95 min,en,United States of America,N/A,Action / Crime / Thriller,https://www.imdb.com/title/tt31456973
293660,Deadpool,2016,7.6,https://image.tmdb.org/t/p/w500/3E53WEZJqP6aM84D8CckXx4pIHw.jpg,https://www.youtube.com/watch?v=9vN6DHB6bJc,R,108 min,en,United States of America,N/A,Action / Adventure / Comedy,https://www.imdb.com/title/tt1431045
110415,Snowpiercer,2013,6.906,https://image.tmdb.org/t/p/w500/nzccOvhrLGI0nvAknCEAk8bchD9.jpg,https://www.youtube.com/watch?v=3Np3v7xnNJk,R,127 min,ko,South Korea,N/A,Action / Science Fiction / Drama,https://www.imdb.com/title/tt1706620
36647,Blade,1998,6.801,https://image.tmdb.org/t/p/w500/oWT70TvbsmQaqyphCZpsnQR7R32.jpg,https://www.youtube.com/watch?v=O2Y3FFFIvRI,R,121 min,en,United States of America,N/A,Horror / Action,https://www.imdb.com/title/tt0120611
1357633,Solo Leveling -ReAwakening-,2024,7.05,https://image.tmdb.org/t/p/w500/dblIFen0bNZAq8icJXHwrjfymDW.jpg,https://www.youtube.com/watch?v=UdIXUDpeTXU,R,116 min,ja,Japan,N/A,Action / Adventure / Fantasy / Animation,https://www.imdb.com/title/tt33428606
106,Predator,1987,7.533,https://image.tmdb.org/t/p/w500/k3mW4qfJo6SKqe6laRyNGnbB9n5.jpg,https://www.youtube.com/watch?v=XY6d4LGd8YM,R,107 min,en,United States of America,N/A,Science Fiction / Action / Adventure / Thriller,https://www.imdb.com/title/tt0093773
1317088,The Assessment,2025,6.9,https://image.tmdb.org/t/p/w500/o1K7be85FAauSbVPzCQ0GjOXUqu.jpg,https://www.youtube.com/watch?v=bYmELiSalx0,R,115 min,en,Germany,N/A,Science Fiction / Drama / Thriller,https://www.imdb.com/title/tt32768323
423204,Angel Has Fallen,2019,6.6,https://image.tmdb.org/t/p/w500/fapXd3v9qTcNBTm39ZC4KUVQDNf.jpg,https://www.youtube.com/watch?v=l4AQchYSxwc,R,122 min,en,United States of America,N/A,Action / Thriller,https://www.imdb.com/title/tt6189022
106646,The Wolf of Wall Street,2013,8.029,https://image.tmdb.org/t/p/w500/kW9LmvYHAaS9iA0tHmZVq8hQYoq.jpg,https://www.youtube.com/watch?v=Slj4-Sv-YNA,R,180 min,en,United States of America,N/A,Crime / Drama / Comedy,https://www.imdb.com/title/tt0993846
1150370,Cold Wallet,2025,6.0,https://image.tmdb.org/t/p/w500/m6ZGxUu0JyV7Cyj9xDR8capgrzb.jpg,https://www.youtube.com/watch?v=Rv668hG9UnY,R,84 min,en,United States of America,N/A,Thriller,https://www.imdb.com/title/tt27307826
346364,It,2017,7.239,https://image.tmdb.org/t/p/w500/9E2y5Q7WlCVNEhP5GiVTjhEhx1o.jpg,https://www.youtube.com/watch?v=xKJmEC5ieOk,R,135 min,en,United States of America,N/A,Horror / Thriller,https://www.imdb.com/title/tt1396484
2666,Dark City,1998,7.327,https://image.tmdb.org/t/p/w500/tNPEGju4DpTdbhBphNmZoEi9Bd3.jpg,https://www.youtube.com/watch?v=30mmoegSQCs,R,100 min,en,Australia,N/A,Mystery / Science Fiction,https://www.imdb.com/title/tt0118929
1233575,Black Bag,2025,6.339,https://image.tmdb.org/t/p/w500/hHPovtU4b96LHcoeEwRkGHI5btw.jpg,https://www.youtube.com/watch?v=n_56L6WzLT8,R,94 min,en,United States of America,N/A,Thriller / Mystery / Drama,https://www.imdb.com/title/tt30988739
1100782,Smile 2,2024,6.6,https://image.tmdb.org/t/p/w500/ht8Uv9QPv9y7K0RvUyJIaXOZTfd.jpg,https://www.youtube.com/watch?v=FU_bAopCcSE,R,127 min,en,United States of America,N/A,Horror / Mystery,https://www.imdb.com/title/tt29268110
550,Fight Club,1999,8.438,https://image.tmdb.org/t/p/w500/pB8BM7pdSp6B6Ih7QZ4DrQ3PmJK.jpg,https://www.youtube.com/watch?v=dfeUzm6KF4g,R,139 min,en,Germany,N/A,Drama,https://www.imdb.com/title/tt0137523
346685,The Girl on the Train,2016,6.442,https://image.tmdb.org/t/p/w500/AhTO2QWG0tug7yDoh0XoaMhPt3J.jpg,https://www.youtube.com/watch?v=y5yk-HGqKmM,R,112 min,en,India,N/A,Thriller / Mystery / Drama / Crime,https://www.imdb.com/title/tt3631112
603692,John Wick: Chapter 4,2023,7.725,https://image.tmdb.org/t/p/w500/vZloFAK7NmvMGKE7VkF5UHaz0I.jpg,https://www.youtube.com/watch?v=yjRHZEUamCc,R,170 min,en,Germany,N/A,Action / Thriller / Crime,https://www.imdb.com/title/tt10366206
146233,Prisoners,2013,8.098,https://image.tmdb.org/t/p/w500/uhviyknTT5cEQXbn6vWIqfM4vGm.jpg,https://www.youtube.com/watch?v=doPNgss-ntc,R,153 min,en,United States of America,N/A,Drama / Thriller / Crime,https://www.imdb.com/title/tt1392214
1097549,Babygirl,2024,5.764,https://image.tmdb.org/t/p/w500/ilwO6elz3mLV9CToT7C8pjVeKX0.jpg,https://www.youtube.com/watch?v=9XXoNB0lVGo,R,115 min,en,United States of America,N/A,Drama,https://www.imdb.com/title/tt30057084
1217379,Hellhound,2024,6.6,https://image.tmdb.org/t/p/w500/f9hkaCIha8hIhRo0XXShhcosrPH.jpg,https://www.youtube.com/watch?v=g01P-koF8Xw,R,103 min,en,N/A,N/A,Action / Crime / Thriller,https://www.imdb.com/title/tt22489042
405774,Bird Box,2018,6.832,https://image.tmdb.org/t/p/w500/rGfGfgL2pEPCfhIvqHXieXFn7gp.jpg,https://www.youtube.com/watch?v=INJ2bPFy108,R,124 min,en,United States of America,N/A,Horror / Thriller / Drama,https://www.imdb.com/title/tt2737304
476669,The King's Man,2021,6.748,https://image.tmdb.org/t/p/w500/aq4Pwv5Xeuvj6HZKtxyd23e6bE9.jpg,https://www.youtube.com/watch?v=_0vKejp3rvA,R,131 min,en,United Kingdom,N/A,Action / Adventure / Thriller,https://www.imdb.com/title/tt6856242
9532,Final Destination,2000,6.613,https://image.tmdb.org/t/p/w500/1mXhlQMnlfvJ2frxTjZSQNnA9Vp.jpg,https://www.youtube.com/watch?v=bIf5pgKcu9s,R,98 min,en,United States of America,N/A,Horror,https://www.imdb.com/title/tt0195714
418078,It Comes at Night,2017,5.8,https://image.tmdb.org/t/p/w500/rNKJpFMlOZn5zkzBPZxEJrQn5Km.jpg,https://www.youtube.com/watch?v=99reuiNZ8ys,R,91 min,en,United States of America,N/A,Drama / Horror / Mystery,https://www.imdb.com/title/tt4695012
1371202,iHostage,2025,6.093,https://image.tmdb.org/t/p/w500/tn3Ckxyc7OWXnhMPkiIBvqLdFC6.jpg,https://www.youtube.com/watch?v=Dhg-3ME2L6M,R,100 min,nl,Netherlands,N/A,Thriller / Crime / Drama,https://www.imdb.com/title/tt31181421
290098,The Handmaiden,2016,8.2,https://image.tmdb.org/t/p/w500/dLlH4aNHdnmf62umnInL8xPlPzw.jpg,https://www.youtube.com/watch?v=wYsdzNIcJNc,R,145 min,ko,South Korea,N/A,Thriller / Drama / Romance,https://www.imdb.com/title/tt4016934
1138194,Heretic,2024,7.045,https://image.tmdb.org/t/p/w500/fr96XzlzsONrQrGfdLMiwtQjott.jpg,https://www.youtube.com/watch?v=jpWUOxRozZg,R,111 min,en,United States of America,N/A,Horror / Thriller,https://www.imdb.com/title/tt28015403
26389,From Paris with Love,2010,6.296,https://image.tmdb.org/t/p/w500/poVoLKLxUqsTLSntA40Po2F78dZ.jpg,https://www.youtube.com/watch?v=-jAbatBqqSc,R,92 min,en,United Kingdom,N/A,Action / Crime / Thriller,https://www.imdb.com/title/tt1179034
804150,Cocaine Bear,2023,6.0,https://image.tmdb.org/t/p/w500/gOnmaxHo0412UVr1QM5Nekv1xPi.jpg,https://www.youtube.com/watch?v=DuWEEKeJLMI,R,95 min,en,United States of America,N/A,Thriller / Comedy / Crime,https://www.imdb.com/title/tt14209916
210577,Gone Girl,2014,7.89,https://image.tmdb.org/t/p/w500/ts996lKsxvjkO2yiYG0ht4qAicO.jpg,https://www.youtube.com/watch?v=2-_-1nJf8Vg,R,149 min,en,United States of America,N/A,Mystery / Thriller / Drama,https://www.imdb.com/title/tt2267998
475557,Joker,2019,8.138,https://image.tmdb.org/t/p/w500/udDclJoHjfjb8Ekgsd4FDteOkCU.jpg,https://www.youtube.com/watch?v=-RFFRxcoKfA,R,122 min,en,Canada,N/A,Crime / Thriller / Drama,https://www.imdb.com/title/tt7286456
395990,Death Wish,2018,6.188,https://image.tmdb.org/t/p/w500/g0eEEZAqMf98ULQnoiORuazjOpn.jpg,https://www.youtube.com/watch?v=HzILu6yyA20,R,107 min,en,United States of America,N/A,Action / Crime / Thriller / Drama,https://www.imdb.com/title/tt1137450
1077782,Old Guy,2024,5.804,https://image.tmdb.org/t/p/w500/ulVVfNY8bmy1RbHfY4zi3fOwGzh.jpg,https://www.youtube.com/watch?v=vAGp4TkTbAE,R,93 min,en,United Kingdom,N/A,Action / Comedy,https://www.imdb.com/title/tt26442053
440471,Escape Plan 2: Hades,2018,5.153,https://image.tmdb.org/t/p/w500/A6tb8JNrie2qT8JC2tGqshayuck.jpg,https://www.youtube.com/watch?v=6Q7vVt-MeXk,R,93 min,en,China,N/A,Action / Thriller / Crime / Mystery / Science Fiction,https://www.imdb.com/title/tt6513656
970450,Werewolves,2024,6.163,https://image.tmdb.org/t/p/w500/otXBlMPbFBRs6o2Xt6KX59Qw6dL.jpg,https://www.youtube.com/watch?v=HSM0IAuU7Ps,R,94 min,en,United States of America,N/A,Action / Horror / Thriller,https://www.imdb.com/title/tt15041836
228150,Fury,2014,7.541,https://image.tmdb.org/t/p/w500/pfte7wdMobMF4CVHuOxyu6oqeeA.jpg,https://www.youtube.com/watch?v=09w9MTtZDEM,R,135 min,en,United States of America,N/A,War / Drama / Action,https://www.imdb.com/title/tt2713180
138843,The Conjuring,2013,7.5,https://image.tmdb.org/t/p/w500/wVYREutTvI2tmxr6ujrHT704wGF.jpg,https://www.youtube.com/watch?v=k10ETZ41q5o,R,112 min,en,United States of America,N/A,Horror / Thriller,https://www.imdb.com/title/tt1457767
216015,Fifty Shades of Grey,2015,5.887,https://image.tmdb.org/t/p/w500/63kGofUkt1Mx0SIL4XI4Z5AoSgt.jpg,https://www.youtube.com/watch?v=6FDTMRK7-24,R,125 min,en,United States of America,N/A,Drama / Romance / Thriller,https://www.imdb.com/title/tt2322441
426063,Nosferatu,2024,6.7,https://image.tmdb.org/t/p/w500/5qGIxdEO841C0tdY8vOdLoRVrr0.jpg,https://www.youtube.com/watch?v=nulvWqYUM8k,R,133 min,en,United States of America,N/A,Horror / Fantasy,https://www.imdb.com/title/tt5040012
279,Amadeus,1984,8.025,https://image.tmdb.org/t/p/w500/1n5VUlCqgmVax1adxGZm8oCFaKc.jpg,https://www.youtube.com/watch?v=ZQV9yySOmhs,R,160 min,en,United States of America,N/A,History / Music / Drama,https://www.imdb.com/title/tt0086879
866398,The Beekeeper,2024,7.3,https://image.tmdb.org/t/p/w500/A7EByudX0eOzlkQ2FIbogzyazm2.jpg,https://www.youtube.com/watch?v=CHKn-yDCE2w,R,105 min,en,United Kingdom,N/A,Action / Thriller / Crime,https://www.imdb.com/title/tt15314262
339967,Colossal,2017,6.281,https://image.tmdb.org/t/p/w500/4VOyofBd1pexblxtDZYtYIk7NI4.jpg,https://www.youtube.com/watch?v=LRqCFSrHPWA,R,109 min,en,Canada,N/A,Drama / Fantasy / Science Fiction,https://www.imdb.com/title/tt4680182
156022,The Equalizer,2014,7.28,https://image.tmdb.org/t/p/w500/9u4yW7yPA0BQ2pv9XwiNzItwvp8.jpg,https://www.youtube.com/watch?v=BP_FwE0Z7no,R,132 min,en,United States of America,N/A,Thriller / Action / Crime,https://www.imdb.com/title/tt0455944
18785,The Hangover,2009,7.322,https://image.tmdb.org/t/p/w500/A0uS9rHR56FeBtpjVki16M5xxSW.jpg,https://www.youtube.com/watch?v=tlize92ffnY,R,100 min,en,United States of America,N/A,Comedy,https://www.imdb.com/title/tt1119646
1155828,Sing Sing,2024,7.539,https://image.tmdb.org/t/p/w500/s0TPyI8QlMiktEiq3JVhea0zFhM.jpg,https://www.youtube.com/watch?v=j3dXc6P3zH8,R,107 min,en,United States of America,N/A,Drama,https://www.imdb.com/title/tt28479262
2108,The Breakfast Club,1985,7.734,https://image.tmdb.org/t/p/w500/wM9ErA8UVdcce5P4oefQinN8VVV.jpg,https://www.youtube.com/watch?v=OVdr9HiAStI,R,98 min,en,United States of America,N/A,Comedy / Drama,https://www.imdb.com/title/tt0088847
786892,Furiosa: A Mad Max Saga,2024,7.5,https://image.tmdb.org/t/p/w500/iADOJ8Zymht2JPMoy3R7xceZprc.jpg,https://www.youtube.com/watch?v=LYV3001u574,R,149 min,en,Australia,N/A,Action / Science Fiction / Adventure,https://www.imdb.com/title/tt12037194
929590,Civil War,2024,6.866,https://image.tmdb.org/t/p/w500/sh7Rg8Er3tFcN9BpKIPOMvALgZd.jpg,https://www.youtube.com/watch?v=c2G18nIVpNE,R,109 min,en,Finland,N/A,War / Action / Drama,https://www.imdb.com/title/tt17279496
1226406,Love Hurts,2025,6.0,https://image.tmdb.org/t/p/w500/skPPVeHoTTVVSJlb0Ib5vrqiuA4.jpg,https://www.youtube.com/watch?v=y7_gi1-bIJs,R,83 min,en,United States of America,N/A,Action / Comedy / Romance,https://www.imdb.com/title/tt30788842
460458,Resident Evil: Welcome to Raccoon City,2021,6.0,https://image.tmdb.org/t/p/w500/bArhvjRHl535XMaSh9VjInF2mSZ.jpg,https://www.youtube.com/watch?v=4q6UGCyHZCI,R,107 min,en,France,N/A,Action / Horror / Science Fiction,https://www.imdb.com/title/tt6920084
372962,Mai-chan's Daily Life,2016,5.2,https://image.tmdb.org/t/p/w500/631oaSK4rC17pDP2jXzkgPRT6qs.jpg,https://www.youtube.com/watch?v=u8SeY0rwsYo,R,63 min,ja,Japan,N/A,Horror,https://www.imdb.com/title/tt5627260
1302916,Heart Eyes,2025,6.372,https://image.tmdb.org/t/p/w500/ebqttF1Vjgde6uSFBEw9mta7Hd3.jpg,https://www.youtube.com/watch?v=1cRzZcMlJh8,R,97 min,en,United States of America,N/A,Horror / Comedy / Romance,https://www.imdb.com/title/tt32558992
141,Donnie Darko,2001,7.77,https://image.tmdb.org/t/p/w500/fhQoQfejY1hUcwyuLgpBrYs6uFt.jpg,https://www.youtube.com/watch?v=71RaE7JYTUU,R,114 min,en,United States of America,N/A,Fantasy / Drama / Mystery,https://www.imdb.com/title/tt0246578
429200,Good Time,2017,7.208,https://image.tmdb.org/t/p/w500/yE1c9hj5Hf8a9KplAdRdhADqUro.jpg,https://www.youtube.com/watch?v=upsR80YmwWc,R,102 min,en,United States of America,N/A,Crime / Thriller / Drama,https://www.imdb.com/title/tt4846232
807,Se7en,1995,8.375,https://image.tmdb.org/t/p/w500/191nKfP0ehp3uIvWqgPbFmI4lv9.jpg,https://www.youtube.com/watch?v=KPOuJGkpblk,R,127 min,en,United States of America,N/A,Crime / Mystery / Thriller,https://www.imdb.com/title/tt0114369
1701,Con Air,1997,6.752,https://image.tmdb.org/t/p/w500/kOKjgrEzGOP92rVQ6srA9jtp60l.jpg,https://www.youtube.com/watch?v=Olvpk5BXWCI,R,116 min,en,United States of America,N/A,Action / Thriller / Crime,https://www.imdb.com/title/tt0118880
218,The Terminator,1984,7.664,https://image.tmdb.org/t/p/w500/hzXSE66v6KthZ8nPoLZmsi2G05j.jpg,https://www.youtube.com/watch?v=nGrW-OR2uDk,R,108 min,en,United Kingdom,N/A,Action / Thriller / Science Fiction,https://www.imdb.com/title/tt0088247
948276,Lost Bullet 2,2022,6.6,https://image.tmdb.org/t/p/w500/uAeZI1JJbLPq7Bu5dziH7emHeu7.jpg,https://www.youtube.com/watch?v=_Vw3Nur4YDo,R,98 min,fr,Belgium,N/A,Action / Crime / Thriller,https://www.imdb.com/title/tt14465706
11324,Shutter Island,2010,8.201,https://image.tmdb.org/t/p/w500/nrmXQ0zcZUL8jFLrakWc90IR8z9.jpg,https://www.youtube.com/watch?v=qdPw9x9h5CY,R,138 min,en,United States of America,N/A,Drama / Thriller / Mystery,https://www.imdb.com/title/tt1130884
41264,Africa Addio,1966,6.329,https://image.tmdb.org/t/p/w500/fPLzCid2gk7eOCrYlXIBU24bTpO.jpg,https://www.youtube.com/watch?v=R2owwGvTsUw,R,138 min,it,Italy,N/A,Documentary / Horror,https://www.imdb.com/title/tt0060073
306,Beverly Hills Cop III,1994,5.866,https://image.tmdb.org/t/p/w500/7vIpCkgGEfk5LZwm78nMxswLJRH.jpg,https://www.youtube.com/watch?v=XH3VbQMv-Nk,R,105 min,en,United States of America,N/A,Action / Comedy / Crime,https://www.imdb.com/title/tt0109254
680,Pulp Fiction,1994,8.49,https://image.tmdb.org/t/p/w500/vQWk5YBFWF4bZaofAbv0tShwBvQ.jpg,https://www.youtube.com/watch?v=tGpTpVyI_OQ,R,154 min,en,United States of America,N/A,Thriller / Crime,https://www.imdb.com/title/tt0110912
979275,Mob Land,2023,5.5,https://image.tmdb.org/t/p/w500/mcz8oi9oCgq1wkA3Wz2kluE94pE.jpg,https://www.youtube.com/watch?v=XbcFFw8YdEo,R,111 min,en,Canada,N/A,Action / Crime / Thriller,https://www.imdb.com/title/tt20424130
76341,Mad Max: Fury Road,2015,7.6,https://image.tmdb.org/t/p/w500/hA2ple9q4qnwxp3hKVNhroipsir.jpg,https://www.youtube.com/watch?v=MonFNCgK4WE,R,121 min,en,Australia,N/A,Action / Adventure / Science Fiction,https://www.imdb.com/title/tt1392190
337167,Fifty Shades Freed,2018,6.696,https://image.tmdb.org/t/p/w500/jjPJ4s3DWZZvI4vw8Xfi4Vqa1Q8.jpg,https://www.youtube.com/watch?v=nJCc5HRPxYA,R,105 min,en,United States of America,N/A,Drama / Romance,https://www.imdb.com/title/tt4477536
424,Schindler's List,1993,8.565,https://image.tmdb.org/t/p/w500/sF1U4EUQS8YHUYjNl3pMGNIQyr0.jpg,https://www.youtube.com/watch?v=v0RB-3sWbBA,R,195 min,en,United States of America,N/A,Drama / History / War,https://www.imdb.com/title/tt0108052
1242686,Salvable,2025,7.1,https://image.tmdb.org/t/p/w500/cAPIS05UGqsTwiu0Qjs0WlIUW1l.jpg,https://www.youtube.com/watch?v=7D4V0t9TCH4,R,101 min,en,United Kingdom,N/A,Drama / Crime,https://www.imdb.com/title/tt31249107
843527,The Idea of You,2024,7.382,https://image.tmdb.org/t/p/w500/Y5P4Q3q8nrruZ9aD3wXeJS2Plg.jpg,https://www.youtube.com/watch?v=pz6qx4n2Ewc,R,116 min,en,United States of America,N/A,Romance / Drama / Comedy,https://www.imdb.com/title/tt9466114
1029235,Azrael,2024,6.029,https://image.tmdb.org/t/p/w500/qpdFKDvJS7oLKTcBLXOaMwUESbs.jpg,https://www.youtube.com/watch?v=-kKSxFDcwKw,R,86 min,en,Estonia,N/A,Action / Horror / Thriller,https://www.imdb.com/title/tt22173666
766507,Prey,2022,7.693,https://image.tmdb.org/t/p/w500/h58U7d1OZyuWaCWMYvw4mfnv6H3.jpg,https://www.youtube.com/watch?v=wZ7LytagKlc,R,100 min,en,United States of America,N/A,Thriller / Action / Science Fiction,https://www.imdb.com/title/tt11866324
244786,Whiplash,2014,8.376,https://image.tmdb.org/t/p/w500/7fn624j5lj3xTme2SgiLCeuedmO.jpg,https://www.youtube.com/watch?v=Q7kZy3T6vRM,R,107 min,en,United States of America,N/A,Drama / Music,https://www.imdb.com/title/tt2582802
1410082,Sniper: The Last Stand,2025,6.678,https://image.tmdb.org/t/p/w500/TVvIyCsFCmLk9MRLbAZi4X8f32.jpg,https://www.youtube.com/watch?v=YSwYhvG0Hy4,R,99 min,en,United States of America,N/A,Action / Thriller,https://www.imdb.com/title/tt34910018
921636,The Out-Laws,2023,6.028,https://image.tmdb.org/t/p/w500/5dliMQ2ODbGNoq0hlefdnuXQxMw.jpg,https://www.youtube.com/watch?v=R8xepj9wpi4,R,95 min,en,United States of America,N/A,Romance / Action / Comedy,https://www.imdb.com/title/tt11274492
55779,Final Destination 5,2011,6.1,https://image.tmdb.org/t/p/w500/Akx1Po4ZLetOWfYJhQf75tbhTtK.jpg,https://www.youtube.com/watch?v=24abND3yDq0,R,91 min,en,United States of America,N/A,Horror / Mystery,https://www.imdb.com/title/tt1622979
2142,Cop Land,1997,6.8,https://image.tmdb.org/t/p/w500/bUXaWZPj7qzXjKc2s3Pwdkhxh2o.jpg,https://www.youtube.com/watch?v=DWLFW9iAr-E,R,104 min,en,United States of America,N/A,Crime / Drama / Thriller,https://www.imdb.com/title/tt0118887
974453,Absolution,2024,5.883,https://image.tmdb.org/t/p/w500/gt70JOD9xsPlpJnuBJAWdOT4yRg.jpg,https://www.youtube.com/watch?v=m0zbtMTXZog,R,112 min,en,United States of America,N/A,Action / Crime / Thriller / Mystery,https://www.imdb.com/title/tt8337290
449443,Den of Thieves,2018,6.848,https://image.tmdb.org/t/p/w500/dAP5NpkrMMczir5dUPjRR6ywqgz.jpg,https://www.youtube.com/watch?v=CZkUlNwiEBY,R,140 min,en,United States of America,N/A,Action / Crime / Thriller,https://www.imdb.com/title/tt1259528
604685,Den of Thieves 2: Pantera,2025,6.8,https://image.tmdb.org/t/p/w500/rxcyxxarD17xMliStDEhM6y2AYQ.jpg,https://www.youtube.com/watch?v=KG1tks1ICiA,R,144 min,en,Canada,N/A,Action / Crime / Thriller,https://www.imdb.com/title/tt8008948
9286,Final Destination 3,2006,6.113,https://image.tmdb.org/t/p/w500/p7ARuNKUGPGvkBiDtIDvAzYzonX.jpg,https://www.youtube.com/watch?v=-m_GmDZ7pSY,R,92 min,en,Canada,N/A,Horror / Mystery,https://www.imdb.com/title/tt0414982
122917,The Hobbit: The Battle of the Five Armies,2014,7.325,https://image.tmdb.org/t/p/w500/xT98tLqatZPQApyRmlPL12LtiWp.jpg,https://www.youtube.com/watch?v=Y6Fv5StfAxA,PG-13,144 min,en,New Zealand,N/A,Action / Adventure / Fantasy,https://www.imdb.com/title/tt2310332
944401,Dogman,2023,7.897,https://image.tmdb.org/t/p/w500/5RuUD7J4vO0El7TRL9guZIik0I0.jpg,https://www.youtube.com/watch?v=hJSX_o-MvYs,R,115 min,fr,France,N/A,Action / Drama / Crime,https://www.imdb.com/title/tt17009348
1208983,Neighborhood Watch,2025,6.6,https://image.tmdb.org/t/p/w500/dtSYJ20Qy1yLM9KTnv2SUEfxekO.jpg,https://www.youtube.com/watch?v=PMqg-r9fN-M,R,92 min,en,United States of America,N/A,Crime / Thriller,https://www.imdb.com/title/tt1714918
1043905,Dirty Angels,2024,6.2,https://image.tmdb.org/t/p/w500/1y3TG8N8zwwMxqh0qzdyDs3IyCq.jpg,https://www.youtube.com/watch?v=YBwoSa3n8Yc,R,104 min,en,Bulgaria,N/A,Action / Drama / Thriller / War,https://www.imdb.com/title/tt23872640
497,The Green Mile,1999,8.505,https://image.tmdb.org/t/p/w500/8VG8fDNiy50H4FedGwdSVUPoaJe.jpg,https://www.youtube.com/watch?v=Bg7epsq0OIQ,R,189 min,en,United States of America,N/A,Fantasy / Drama / Crime,https://www.imdb.com/title/tt0120689
240832,Lucy,2014,6.462,https://image.tmdb.org/t/p/w500/kRbpUTRNm6QbLQFPFWUcNC4czEm.jpg,https://www.youtube.com/watch?v=l7zAV_MDC68,R,89 min,en,France,N/A,Action / Science Fiction,https://www.imdb.com/title/tt2872732
915935,Anatomy of a Fall,2023,7.544,https://image.tmdb.org/t/p/w500/kQs6keheMwCxJxrzV83VUwFtHkB.jpg,https://www.youtube.com/watch?v=_MdTMA0PetA,R,151 min,fr,France,N/A,Thriller / Mystery / Crime,https://www.imdb.com/title/tt17009710
30497,The Texas Chain Saw Massacre,1974,7.3,https://image.tmdb.org/t/p/w500/mpgkRPH1GNkMCgdPk2OMyHzAks7.jpg,https://www.youtube.com/watch?v=iSxFeBdcqeE,R,83 min,en,United States of America,N/A,Horror,https://www.imdb.com/title/tt0072271
395992,Life,2017,6.4,https://image.tmdb.org/t/p/w500/wztfli5NgYDgurVgShNflvnyA3Z.jpg,https://www.youtube.com/watch?v=cuA-xqBw4jE,R,104 min,en,United States of America,N/A,Horror / Science Fiction / Mystery / Thriller,https://www.imdb.com/title/tt5442430
799583,The Ministry of Ungentlemanly Warfare,2024,7.1,https://image.tmdb.org/t/p/w500/8aF0iAKH9MJMYAZdi0Slg77RYa2.jpg,https://www.youtube.com/watch?v=zvwDen1Wrx8,R,120 min,en,United Kingdom,N/A,Action / Comedy / War,https://www.imdb.com/title/tt5177120
338947,Hellraiser,2022,6.167,https://image.tmdb.org/t/p/w500/f9ZAIUxTTk23vo1BC9Ur1Rx5c2E.jpg,https://www.youtube.com/watch?v=oUlgwJNdu2I,R,121 min,en,United States of America,N/A,Horror / Mystery,https://www.imdb.com/title/tt0887261
957452,The Crow,2024,5.851,https://image.tmdb.org/t/p/w500/g8TbOXrNMuqq7AaKqdvqS2oG4ob.jpg,https://www.youtube.com/watch?v=4CLE3pWAAr8,R,111 min,en,France,N/A,Action / Fantasy / Horror,https://www.imdb.com/title/tt1340094
1013601,The Alto Knights,2025,6.178,https://image.tmdb.org/t/p/w500/95KmR0xNuZZ6DNESDwLKWGIBvMg.jpg,https://www.youtube.com/watch?v=1aayuOp0AnE,R,123 min,en,United States of America,N/A,Crime / Drama / History,https://www.imdb.com/title/tt21815562
1078605,Weapons,2025,0.0,https://image.tmdb.org/t/p/w500/cpf7vsRZ0MYRQcnLWteD5jK9ymT.jpg,https://www.youtube.com/watch?v=OpThntO9ixc,R,N/A,en,United States of America,N/A,Horror / Mystery,https://www.imdb.com/title/tt26581740
637649,Wrath of Man,2021,7.616,https://image.tmdb.org/t/p/w500/M7SUK85sKjaStg4TKhlAVyGlz3.jpg,https://www.youtube.com/watch?v=wo1kO8m2Nik,R,118 min,en,United Kingdom,N/A,Action / Crime / Thriller,https://www.imdb.com/title/tt11083552
240,The Godfather Part II,1974,8.571,https://image.tmdb.org/t/p/w500/hek3koDUyRQk7FIhPXsa6mT2Zc3.jpg,https://www.youtube.com/watch?v=7pfqivkYUlE,R,202 min,en,United States of America,N/A,Drama / Crime,https://www.imdb.com/title/tt0071562
694,The Shining,1980,8.212,https://image.tmdb.org/t/p/w500/xazWoLealQwEgqZ89MLZklLZD3k.jpg,https://www.youtube.com/watch?v=FZQvIJxG9Xs,R,144 min,en,United Kingdom,N/A,Horror / Thriller,https://www.imdb.com/title/tt0081505
1495,Kingdom of Heaven,2005,6.979,https://image.tmdb.org/t/p/w500/rNaBe4TwbMef71sgscqabpGKsxh.jpg,https://www.youtube.com/watch?v=6Z2wGCZ2fSM,R,144 min,en,Germany,N/A,Drama / Action / Adventure / History / War,https://www.imdb.com/title/tt0320661
16869,Inglourious Basterds,2009,8.2,https://image.tmdb.org/t/p/w500/7sfbEnaARXDDhKm0CZ7D7uc2sbo.jpg,https://www.youtube.com/watch?v=uSEDz-my7XQ,R,153 min,en,Germany,N/A,Drama / Thriller / War,https://www.imdb.com/title/tt0361748
359410,Road House,2024,6.945,https://image.tmdb.org/t/p/w500/fDEdtS4P0gJsxHDIt8dG8TR5dx1.jpg,https://www.youtube.com/watch?v=Y0ZsLudtfjI,R,121 min,en,United States of America,N/A,Action / Thriller,https://www.imdb.com/title/tt3359350
1100099,We Live in Time,2024,7.341,https://image.tmdb.org/t/p/w500/oeDNBgnlGF6rnyX1P1K8Vl2f3lW.jpg,https://www.youtube.com/watch?v=MH02yagHaNw,R,108 min,en,United Kingdom,N/A,Romance / Drama,https://www.imdb.com/title/tt27131358
670,Oldboy,2003,8.251,https://image.tmdb.org/t/p/w500/pWDtjs568ZfOTMbURQBYuT4Qxka.jpg,https://www.youtube.com/watch?v=tAaBkFChaRg,R,120 min,ko,South Korea,N/A,Drama / Thriller / Mystery / Action,https://www.imdb.com/title/tt0364569
68718,Django Unchained,2012,8.183,https://image.tmdb.org/t/p/w500/7oWY8VDWW7thTzWh3OKYRkWUlD5.jpg,https://www.youtube.com/watch?v=_iH0UBYDI4g,R,165 min,en,United States of America,N/A,Drama / Western,https://www.imdb.com/title/tt1853728
446696,Life Itself,2018,7.221,https://image.tmdb.org/t/p/w500/pE2hxC8bPbIi9tGyhFg5xiFW6dA.jpg,https://www.youtube.com/watch?v=SOmGFWAMWh0,R,118 min,en,Spain,N/A,Drama / Romance,https://www.imdb.com/title/tt5989218
9358,Final Destination 2,2003,6.3,https://image.tmdb.org/t/p/w500/dg6Tf98InieJSClSKQJTQevYWmB.jpg,https://www.youtube.com/watch?v=N4wNv1zuYDc,R,90 min,en,United States of America,N/A,Horror / Mystery,https://www.imdb.com/title/tt0309593
615,The Passion of the Christ,2004,7.522,https://image.tmdb.org/t/p/w500/v9f9MMrq2nGQrN7cHnQRmEq9lSE.jpg,https://www.youtube.com/watch?v=4Aif1qEB_JU,R,127 min,en,United States of America,N/A,Drama,https://www.imdb.com/title/tt0335345
152601,Her,2013,7.85,https://image.tmdb.org/t/p/w500/lEIaL12hSkqqe83kgADkbUqEnvk.jpg,https://www.youtube.com/watch?v=ne6p6MfLBxc,R,126 min,en,United States of America,N/A,Romance / Science Fiction / Drama,https://www.imdb.com/title/tt1798709
257094,Holland,2025,5.343,https://image.tmdb.org/t/p/w500/39jIr3A4ScUeGxFdMeARYKNxTgU.jpg,https://www.youtube.com/watch?v=IJm3LHoqdA4,R,110 min,en,United Kingdom,N/A,Thriller / Mystery,https://www.imdb.com/title/tt3045628
937287,Challengers,2024,6.957,https://image.tmdb.org/t/p/w500/H6vke7zGiuLsz4v4RPeReb9rsv.jpg,https://www.youtube.com/watch?v=-2N3hmRmwHQ,R,132 min,en,Italy,N/A,Drama / Romance,https://www.imdb.com/title/tt16426418
493922,Hereditary,2018,7.291,https://image.tmdb.org/t/p/w500/4GFPuL14eXi66V96xBWY73Y9PfR.jpg,https://www.youtube.com/watch?v=MJNR58zaStE,R,128 min,en,United States of America,N/A,Horror / Mystery / Thriller,https://www.imdb.com/title/tt7784604
6977,No Country for Old Men,2007,7.945,https://image.tmdb.org/t/p/w500/bj1v6YKF8yHqA489VFfnQvOJpnc.jpg,https://www.youtube.com/watch?v=A0oNrgumrlE,R,122 min,en,United States of America,N/A,Crime / Drama / Thriller,https://www.imdb.com/title/tt0477348
170,28 Days Later,2002,7.2,https://image.tmdb.org/t/p/w500/sQckQRt17VaWbo39GIu0TMOiszq.jpg,https://www.youtube.com/watch?v=mWEhfF27O0c,R,113 min,en,United Kingdom,N/A,Horror / Thriller / Science Fiction,https://www.imdb.com/title/tt0289043
549509,The Brutalist,2024,7.048,https://image.tmdb.org/t/p/w500/vP7Yd6couiAaw9jgMd5cjMRj3hQ.jpg,https://www.youtube.com/watch?v=GdRXPAHIEW4,R,215 min,en,United Kingdom,N/A,Drama,https://www.imdb.com/title/tt8999762
652,Troy,2004,7.164,https://image.tmdb.org/t/p/w500/a07wLy4ONfpsjnBqMwhlWTJTcm.jpg,https://www.youtube.com/watch?v=6FG3BfPuwBA,R,163 min,en,United States of America,N/A,War / Action / History,https://www.imdb.com/title/tt0332452
926393,The Equalizer 3,2023,7.315,https://image.tmdb.org/t/p/w500/b0Ej6fnXAP8fK75hlyi2jKqdhHz.jpg,https://www.youtube.com/watch?v=fQfrzHFmVe8,R,109 min,en,Italy,N/A,Action / Thriller / Crime,https://www.imdb.com/title/tt17024450
792307,Poor Things,2023,7.69,https://image.tmdb.org/t/p/w500/kCGlIMHnOm8JPXq3rXM6c5wMxcT.jpg,https://www.youtube.com/watch?v=-EfYJWRw2FM,R,141 min,en,Ireland,N/A,Science Fiction / Romance / Comedy,https://www.imdb.com/title/tt14230458
220882,London Fields,2018,5.1,https://image.tmdb.org/t/p/w500/7OfQVm5GexlAREp8FoR4ILxp35T.jpg,https://www.youtube.com/watch?v=4K_pJIXC7MI,R,118 min,en,United Kingdom,N/A,Crime / Thriller,https://www.imdb.com/title/tt1273221
429,"The Good, the Bad and the Ugly",1966,8.462,https://image.tmdb.org/t/p/w500/bX2xnavhMYjWDoZp1VM6VnU1xwe.jpg,https://www.youtube.com/watch?v=IFNUGzCOQoI,R,161 min,it,United States of America,N/A,Western,https://www.imdb.com/title/tt0060196
17473,The Room,2003,4.015,https://image.tmdb.org/t/p/w500/oGI3QSsY4XsmUzuNYUQBQDdjuaP.jpg,https://www.youtube.com/watch?v=KRAUPqK9Y7I,R,99 min,en,United States of America,N/A,Drama / Romance,https://www.imdb.com/title/tt0368226
204082,Homefront,2013,6.941,https://image.tmdb.org/t/p/w500/6pF8D9bDIAmuHgCqGKEfuNWRQam.jpg,https://www.youtube.com/watch?v=BjFTuZH7E2c,R,100 min,en,United States of America,N/A,Action / Thriller,https://www.imdb.com/title/tt2312718
439079,The Nun,2018,5.9,https://image.tmdb.org/t/p/w500/sFC1ElvoKGdHJIWRpNB3xWJ9lJA.jpg,https://www.youtube.com/watch?v=UvMVjwwZOF4,R,96 min,en,United States of America,N/A,Horror,https://www.imdb.com/title/tt5814060
111,Scarface,1983,8.161,https://image.tmdb.org/t/p/w500/iQ5ztdjvteGeboxtmRdXEChJOHh.jpg,https://www.youtube.com/watch?v=lZMIrD36MG8,R,170 min,en,United States of America,N/A,Action / Crime / Drama,https://www.imdb.com/title/tt0086250
271718,Trainwreck,2015,5.806,https://image.tmdb.org/t/p/w500/wrY629UTCUAKLJ4CxQXz6DCE7pr.jpg,https://www.youtube.com/watch?v=xETobANYaNc,R,125 min,en,United States of America,N/A,Comedy / Romance,https://www.imdb.com/title/tt3152624
545611,Everything Everywhere All at Once,2022,7.759,https://image.tmdb.org/t/p/w500/u68AjlvlutfEIcpmbYpKcdi09ut.jpg,https://www.youtube.com/watch?v=wxN1T1uxQ2g,R,140 min,en,United States of America,N/A,Action / Adventure / Science Fiction,https://www.imdb.com/title/tt6710474
829560,The Next 365 Days,2022,6.358,https://image.tmdb.org/t/p/w500/5r9RI0IqztfZJ4C4uSdyoiFYvOB.jpg,https://www.youtube.com/watch?v=iXdw5wYI4cY,R,112 min,pl,Poland,N/A,Romance / Drama,https://www.imdb.com/title/tt21106646
1072790,Anyone But You,2023,6.883,https://image.tmdb.org/t/p/w500/5qHoazZiaLe7oFBok7XlUhg96f2.jpg,https://www.youtube.com/watch?v=biOxRfgF8Rs,R,103 min,en,United States of America,N/A,Romance / Comedy,https://www.imdb.com/title/tt26047818
1138749,The Island,2023,6.2,https://image.tmdb.org/t/p/w500/ajb1rMiorchfRemYHZCkbV9DBg6.jpg,https://www.youtube.com/watch?v=vInLr1OZ_0w,R,93 min,en,St. Kitts and Nevis,N/A,Action / Crime / Thriller,https://www.imdb.com/title/tt21853596
