ID,MovieName,Year,Rate,PosterImageURL,TrailerURL,ContentRating,Duration,Language,Country,AspectRatio,Genre,IMDbMovieURL,Keywords
324849,The Lego Batman Movie,2017,7.2,https://image.tmdb.org/t/p/w500/snGwr2gag4Fcgx2OGmH9otl6ofW.jpg,https://www.youtube.com/watch?v=rGQUKzSDhrg,PG,104,en,Australia,N/A,"Animation, Action, Comedy, Family",https://www.imdb.com/title/tt4116284,"superhero, based on comic, based on toy, spin off, super power, lego, sarcastic, sardonic, wry"
378236,The Emoji Movie,2017,5.429,https://image.tmdb.org/t/p/w500/60bTx5z9zL1AqCjZ0gmWoRMJ6Bb.jpg,https://www.youtube.com/watch?v=Rd85FEdJfTw,PG,86,en,United States of America,N/A,"Animation, Family, Comedy",https://www.imdb.com/title/tt4877122,"villain, parody, 3d animation, emoji"
268531,Captain Underpants: The First Epic Movie,2017,6.2,https://image.tmdb.org/t/p/w500/vKSmaPct5OEeMoD8ue30RisHlKD.jpg,https://www.youtube.com/watch?v=zs2SrqLum1M,PG,88,en,United States of America,N/A,"Family, Comedy, Adventure, Animation",https://www.imdb.com/title/tt2091256,"friendship, based on novel or book, superhero, underwear, villain, comic book, school, principal, based on children's book, grade school, sock puppet"
274862,The Lego Ninjago Movie,2017,6.5,https://image.tmdb.org/t/p/w500/vUo0pNXGhp2ffTJxiStWt6fHL7F.jpg,https://www.youtube.com/watch?v=N0csmPZzYH0,PG,101,en,Australia,N/A,"Family, Animation, Action, Adventure, Comedy",https://www.imdb.com/title/tt3014284,"high school, martial arts, secret identity, ninja, based on toy, fighting, lego, father son conflict, mechs, elemental powers"
457840,Psych: The Movie,2017,7.286,https://image.tmdb.org/t/p/w500/82Z6LEnkewH40pv6fa2Ci1CkSnd.jpg,https://www.youtube.com/watch?v=yjxPGx1brCA,PG,88,en,United States of America,N/A,"Comedy, Crime, Mystery, TV Movie",https://www.imdb.com/title/tt6868216,based on tv series
413594,Sword Art Online: The Movie – Ordinal Scale,2017,7.721,https://image.tmdb.org/t/p/w500/2szdEK0Mr0RG0nWGFVTseNQHbnP.jpg,https://www.youtube.com/watch?v=OLpT9BpznlM,PG-13,119,ja,Japan,N/A,"Animation, Action, Adventure, Fantasy, Science Fiction",https://www.imdb.com/title/tt5544384,"virtual reality, sword, sword fight, survival, anime, mmorpg, vrmmo"
335360,My Little Pony: The Movie,2017,7.225,https://image.tmdb.org/t/p/w500/AiJRCzcZSVs9xPHoEKZRp80TyTA.jpg,https://www.youtube.com/watch?v=kIv_ConaZ1c,PG,99,en,Canada,N/A,"Family, Animation, Adventure, Fantasy",https://www.imdb.com/title/tt4131800,"friendship, villain, pony, based on toy, journey, based on tv series"
436931,Pokémon the Movie: I Choose You!,2017,7.1,https://image.tmdb.org/t/p/w500/b4U689nUPUtER5Qh1MNlLRPeh8q.jpg,https://www.youtube.com/watch?v=r12w4iRBLp4,,98,ja,Japan,N/A,"Family, Animation, Adventure, Fantasy",https://www.imdb.com/title/tt6595896,"based on video game, adult as a child, anime"
474723,Oha Diyorum,2017,1.4,https://image.tmdb.org/t/p/w500/1AimdTn0JnfboA48GT37IJ01quL.jpg,,,90,tr,,N/A,Comedy,https://www.imdb.com/title/tt7535868,
402582,Handsome: A Netflix Mystery Movie,2017,5.3,https://image.tmdb.org/t/p/w500/yc1GQhNw5MvznrtPmPY52dKsdrm.jpg,https://www.youtube.com/watch?v=gmU2Hq8AsYY,,81,en,United States of America,N/A,Comedy,https://www.imdb.com/title/tt5809020,
451204,The Last Movie Star,2018,6.486,https://image.tmdb.org/t/p/w500/pxuk1SKCPFqcMFHnItIlXizwJ7r.jpg,https://www.youtube.com/watch?v=S_lN0-gtWF4,,104,en,United States of America,N/A,Drama,https://www.imdb.com/title/tt5836316,"nostalgia, old man, hollywood, nashville, tennessee"
393575,Bullyparade: The Movie,2017,5.2,https://image.tmdb.org/t/p/w500/4Vzh8y6tnb0xrxpES7I5F7FJ7nK.jpg,,,100,de,Germany,N/A,Comedy,https://www.imdb.com/title/tt5538704,parody
439058,Hey Arnold! The Jungle Movie,2018,7.6,https://image.tmdb.org/t/p/w500/asBhWDiqGxelve0DtMfMFIzR0Jm.jpg,https://www.youtube.com/watch?v=QMiE3yekxz8,,81,en,United States of America,N/A,"Family, Comedy, Animation, Adventure, TV Movie, Fantasy",https://www.imdb.com/title/tt5257726,"sequel, based on cartoon, series finale, based on tv series"
432985,Gintama,2017,6.8,https://image.tmdb.org/t/p/w500/optlFojmbJKLwTe9QpqLiFbGR9k.jpg,,PG-13,130,ja,Japan,N/A,"Action, Comedy, Science Fiction",https://www.imdb.com/title/tt5805470,"samurai, based on manga, shounen"
421131,The Carmilla Movie,2017,7.413,https://image.tmdb.org/t/p/w500/jL8FaFdMLoxCaXhZfPY4tFbXwe7.jpg,https://www.youtube.com/watch?v=9FJhUaEHSWg,R,94,en,Canada,N/A,"Horror, Comedy, Romance",https://www.imdb.com/title/tt7427856,"saving the world, based on novel or book, vampire, victorian england, vengeful ghost, lgbt, spellcasting, dance party, haunted manor, college friends, based on web series"
341244,The Movie of My Life,2017,7.4,https://image.tmdb.org/t/p/w500/tZ544US8qblE1saWrvbH2U17vUD.jpg,,,113,pt,Brazil,N/A,Drama,https://www.imdb.com/title/tt4012424,
429765,Dance Academy: The Movie,2017,7.2,https://image.tmdb.org/t/p/w500/dduMngstBR9Ctn6Q4GN5f9rTEgJ.jpg,https://www.youtube.com/watch?v=Pxscjv1kXME,,101,en,Australia,N/A,Drama,https://www.imdb.com/title/tt5834660,"new york city, dancing, ballet, based on tv series"
457249,Vixen: The Movie,2017,6.8,https://image.tmdb.org/t/p/w500/5A52QYVaZFGWZnXeNfvMOrnd49E.jpg,https://www.youtube.com/watch?v=H_GNc-tFDYc,NR,75,en,United States of America,N/A,"Action, Animation",https://www.imdb.com/title/tt6945882,
450314,Space Chicken,2017,7,https://image.tmdb.org/t/p/w500/iCBA3MqR5HOPodwLwbKc8AzTFHQ.jpg,https://www.youtube.com/watch?v=m_x7mQdNoZw,,88,es,Argentina,N/A,"Adventure, Animation, Comedy",https://www.imdb.com/title/tt4494382,"based on comic, football (soccer), alien invasion"
525831,HiGH&LOW The Movie 3: Final Mission,2017,6.9,https://image.tmdb.org/t/p/w500/vTETzlxpE3TjeRYjmWbMgUSeSrF.jpg,https://www.youtube.com/watch?v=2irQq5bqeJg,,118,ja,Japan,N/A,"Action, Drama",https://www.imdb.com/title/tt7624932,furyo
508822,HiGH&LOW The Movie 2: End of Sky,2017,7.5,https://image.tmdb.org/t/p/w500/tdZnaktqIgFaKN00KlOj50emJn5.jpg,https://www.youtube.com/watch?v=hFeYEp2wy5c,,124,ja,Japan,N/A,Action,https://www.imdb.com/title/tt6721358,furyo
489414,Love Letter for Starla,2017,7.1,https://image.tmdb.org/t/p/w500/meka1uoXLVyb5FbMQTre2WmZorX.jpg,https://www.youtube.com/watch?v=CEwLJnrT3X0,,101,id,Indonesia,N/A,"Drama, Romance",https://www.imdb.com/title/tt7572744,
461083,Fate/kaleid liner Prisma☆Illya: Vow in the Snow,2017,7.12,https://image.tmdb.org/t/p/w500/suy8nFraq8vASRKz6GcL6p9FEvN.jpg,https://www.youtube.com/watch?v=wrcNxdDUIy8,,89,ja,Japan,N/A,"Action, Animation, Drama, Fantasy",https://www.imdb.com/title/tt7283066,"magic, sequel, tragedy, based on manga, anime, magical girl"
460400,Sound! Euphonium the Movie – May the Melody Reach You!,2017,7.05,https://image.tmdb.org/t/p/w500/lR2DNDslQES1mPOSuTZrqZRtZ2k.jpg,,,105,ja,Japan,N/A,"Animation, Drama, Music",https://www.imdb.com/title/tt6973828,"high school, based on novel or book, competition, brass band, training, compilation, art, school life, edited from tv series, anime, bukatsu"
460788,Top Funny Comedian The Movie,2017,2.2,https://image.tmdb.org/t/p/w500/4fkmulLgLrUUryKBmFdZ5FH5DKL.jpg,,,93,zh,China,N/A,Comedy,https://www.imdb.com/title/tt6421362,
504249,The Strange Name Movie,2017,6,https://image.tmdb.org/t/p/w500/avjcymVAjoLyJUwn6f9FDSA4HlU.jpg,,,52,en,,N/A,Documentary,https://www.imdb.com/title/tt5671902,name calling
440362,Student Council Staff Members Movie,2017,6.7,https://image.tmdb.org/t/p/w500/ms4Oap8T5UakgiawWHJr7R2P9T7.jpg,,,60,ja,Japan,N/A,"Animation, Comedy",https://www.imdb.com/title/tt6337252,"high school, slice of life, based on manga, ecchi, anime, japanese high school"
465621,Horror Movie: A Low Budget Nightmare,2017,7.25,https://image.tmdb.org/t/p/w500/tAA10ysWumgKyNGOyppRrOXxpFk.jpg,https://www.youtube.com/watch?v=nqhHc2hJarc,,104,en,Australia,N/A,Documentary,https://www.imdb.com/title/tt5717610,"behind the scenes, filmmaking, horror filmmaking"
966646,The Oats Movie,2017,0,https://image.tmdb.org/t/p/w500/u2XjTNwhvBIpisrhJh7NqbazEU0.jpg,,,40,en,,N/A,"Drama, Comedy",https://www.imdb.com/title/tt6539524,"pig, oats"
455048,Prebz og Dennis: The Movie,2017,3.4,https://image.tmdb.org/t/p/w500/AthX9HuQ6FXNqvcPmfQEBkamLpu.jpg,https://www.youtube.com/watch?v=sNX67O4fnLA,,90,no,Norway,N/A,Comedy,https://www.imdb.com/title/tt6413864,
497875,Roar: The Most Dangerous Movie Ever Made,2017,7,https://image.tmdb.org/t/p/w500/lspxPTymh7sYqys63PJHlNzmbZ3.jpg,,,42,en,,N/A,Documentary,https://www.imdb.com/title/tt6056682,
416513,Si Juki the Movie: Doomsday Committee,2017,6.7,https://image.tmdb.org/t/p/w500/fJHStqRUfLXEhlJyHWsdO8CogIg.jpg,https://www.youtube.com/watch?v=l0R7hzZTq3E,,97,id,Indonesia,N/A,"Animation, Adventure, Comedy, Family, Science Fiction",https://www.imdb.com/title/tt7547768,"asteroid, meteor, celebrity, based on comic, space, planet, astronaut, cosmic, comical"
438657,Mischievous Kiss the Movie Part 2: Campus,2017,7.3,https://image.tmdb.org/t/p/w500/y6cugLEPDfBkbTCGv32RVq8P2DZ.jpg,,,104,ja,Japan,N/A,"Romance, Comedy",https://www.imdb.com/title/tt5336234,based on manga
438658,Mischievous Kiss the Movie Part 3: Propose,2017,6.8,https://image.tmdb.org/t/p/w500/qkHsN6RxdBfK6KII0wwhJyQAhWm.jpg,https://www.youtube.com/watch?v=pg9OxKn6Bhg,,117,ja,Japan,N/A,"Romance, Comedy",https://www.imdb.com/title/tt5629032,based on manga
503242,40 Years in the Making: The Magic Music Movie,2018,0,https://image.tmdb.org/t/p/w500/225wUoueqae5lCxkcZiSoc8pAO8.jpg,https://www.youtube.com/watch?v=N87NMTsr4So,,99,en,,N/A,Documentary,https://www.imdb.com/title/tt7457716,
479503,Spoof: Based On A True Movie,2017,2,https://image.tmdb.org/t/p/w500/mSaKZ7F8xG8n6LWWtV4BDJWQBbL.jpg,,,75,en,Italy,N/A,Comedy,https://www.imdb.com/title/tt4498058,
456643,AIBOU: The Movie IV,2017,8.8,https://image.tmdb.org/t/p/w500/kGXhIhTvVKrjmvGNYvkRGEPEacX.jpg,,,120,ja,Japan,N/A,"Crime, Mystery",https://www.imdb.com/title/tt5738264,japan
494222,Saturday Night Fever: The Ultimate Disco Movie,2017,7.7,https://image.tmdb.org/t/p/w500/efZtPVlmxAoByUmkgK857N6qtGE.jpg,,,75,en,United Kingdom,N/A,Documentary,https://www.imdb.com/title/tt11193396,
458124,Tobot: Attack of the Robot Force,2017,0,https://image.tmdb.org/t/p/w500/mFTg7mF9QLfXtMhwtfhKf2UR1p9.jpg,,,80,ko,South Korea,N/A,"Animation, Science Fiction, Family",https://www.imdb.com/title/tt8757056,
539517,Constantine: City of Demons - The Movie,2018,7.7,https://image.tmdb.org/t/p/w500/tZIMe2pYug1cS9e7AZnd1bTTidM.jpg,https://www.youtube.com/watch?v=Tgujmtdj_3c,R,90,en,United States of America,N/A,"Fantasy, Animation, Horror, Action",https://www.imdb.com/title/tt9177882,"magic, vertigo, supernatural, exorcism, possession, based on comic, exorcist, dark fantasy, demon hunter, edited from tv series, neo-noir, dc animated movie universe"
610704,The 16th Episode,2019,4.3,https://image.tmdb.org/t/p/w500/o2CkoNuhYludbc2PvH6rX3HVRvr.jpg,https://www.youtube.com/watch?v=QD1Yr01Vwo0,,93,en,United States of America,N/A,Horror,https://www.imdb.com/title/tt3692082,
553512,Burn the Stage: The Movie,2018,8.4,https://image.tmdb.org/t/p/w500/pJKy1yvnKh8UjcuYeG3Rt35xHFA.jpg,https://www.youtube.com/watch?v=g_6FoBgps9Y,PG,85,ko,South Korea,N/A,"Music, Documentary",https://www.imdb.com/title/tt9151704,"k-pop, idol group"
494407,Pokémon the Movie: The Power of Us,2018,7.2,https://image.tmdb.org/t/p/w500/5oXKbOQOsPaLscHCqHjvi7hegOJ.jpg,https://www.youtube.com/watch?v=8PGsP59Io20,G,98,ja,Japan,N/A,"Animation, Family, Adventure, Fantasy",https://www.imdb.com/title/tt8108230,"based on video game, anime, based on tv series"
497333,Code Blue: The Movie,2018,6.7,https://image.tmdb.org/t/p/w500/5SqrJEFW5UJigAR3GRaryA3Zk66.jpg,https://www.youtube.com/watch?v=jxksse-39KM,,127,ja,Japan,N/A,"Action, Adventure, Drama",https://www.imdb.com/title/tt7731512,"helicopter, marriage, medicine, terminal illness, romance, doctor, illness, medical drama, emergency services, based on tv series, female doctor"
460399,"Love, Chunibyo & Other Delusions! Take On Me",2018,7.8,https://image.tmdb.org/t/p/w500/grlNqxlne3pRBB5kvEc2aHtrSKv.jpg,https://www.youtube.com/watch?v=uvVGwGyQRxM,PG-13,94,ja,Japan,N/A,"Animation, Comedy, Fantasy",https://www.imdb.com/title/tt6915208,"based on novel or book, sequel, romance, slice of life, school, anime, based on light novel"
507411,Natsume's Book of Friends: Ephemeral Bond,2018,7.3,https://image.tmdb.org/t/p/w500/5LVV47JaRHa1OXrQv5l6XSyfW50.jpg,https://www.youtube.com/watch?v=urtKQZmyxQE,,104,ja,Japan,N/A,"Animation, Fantasy, Drama",https://www.imdb.com/title/tt9081300,"friendship, supernatural, human animal relationship, slice of life, demon, folklore, youkai, shoujo, japanese mythology, anime, rural setting, iyashikei"
494471,Non Non Biyori: Vacation,2018,7.781,https://image.tmdb.org/t/p/w500/bzcITTrfYUXbd2RiHWkXyZruawo.jpg,https://www.youtube.com/watch?v=uuxfqFtN3_o,,71,ja,Japan,N/A,"Comedy, Animation, Adventure, Drama",https://www.imdb.com/title/tt7785128,"friendship, beach, countryside, okinawa, slice of life, based on manga, summer vacation, seinen, anime, rural setting, iyashikei"
538583,Si Doel the Movie,2018,7.5,https://image.tmdb.org/t/p/w500/81K6Fh2GLSTWC74zDwxjmDzhylE.jpg,,,85,id,Indonesia,N/A,"Drama, Comedy, Family, Romance",https://www.imdb.com/title/tt8669070,nostalgia
525712,Revolution X,2018,0,https://image.tmdb.org/t/p/w500/xiZexBY7mJylfxxxiB6oioONkNT.jpg,https://www.youtube.com/watch?v=dREynvoo02M,,100,bg,,N/A,"Music, Romance, Comedy, Drama",https://www.imdb.com/title/tt7648704,bg
508006,Damo & Ivor: The Movie,2018,7.6,https://image.tmdb.org/t/p/w500/2fM8G4JtrMKaa0TfFssJCpeJjRQ.jpg,https://www.youtube.com/watch?v=T8FfIrLYhX8,,87,en,Ireland,N/A,Comedy,https://www.imdb.com/title/tt7406186,"brother, ireland, long lost relative"
503972,Spiele mit Bart: The Movie ft. Night Trap,2018,5,https://image.tmdb.org/t/p/w500/lDhi0ADypMSHIDlltwXRnjSaj40.jpg,,,147,de,,N/A,"Comedy, Mystery",https://www.imdb.com/title/tt7984730,
582562,Slapped! The Movie,2018,7,https://image.tmdb.org/t/p/w500/Zsick5F5TzNJNvaicx1IHbJw37.jpg,,,119,en,United States of America,N/A,"Comedy, Fantasy",https://www.imdb.com/title/tt5879216,
541781,iPartment,2018,3.9,https://image.tmdb.org/t/p/w500/l2NL0PYeriRpJ7gGFRLuy4x14NB.jpg,,,117,zh,China,N/A,"Comedy, Fantasy, Adventure",https://www.imdb.com/title/tt8893870,
532997,Chicken Girls: The Movie,2018,6.4,https://image.tmdb.org/t/p/w500/sqMSlN4PCqdVN8v97afzkwplYXg.jpg,https://www.youtube.com/watch?v=M1T0VqfmWbg,PG,70,en,United States of America,N/A,"Comedy, Drama, Family, Romance",https://www.imdb.com/title/tt8531740,"dance, friendship, romance"
567929,Emmet's Holiday Party: A LEGO Movie Short,2018,6.289,https://image.tmdb.org/t/p/w500/iLDg3l4zi3m08ZRlsSn4VxFH3I6.jpg,,,3,en,United States of America,N/A,"Animation, Comedy, Family, Fantasy",https://www.imdb.com/title/tt9410240,"holiday, christmas tree, ice skating, christmas, lego"
520994,"Made a Movie, Lived to Tell",2018,0,,,,46,en,,N/A,,https://www.imdb.com/title/tt7739864,
558589,King of Crime,2018,4.8,https://image.tmdb.org/t/p/w500/4oXaELJlnk3sm22xuR6oGTZ7lEv.jpg,https://www.youtube.com/watch?v=cbRi_Wlpuio,,102,en,United Kingdom,N/A,"Crime, Drama, Thriller",https://www.imdb.com/title/tt5803438,"london, england, bisexuality, crime boss, internet, lgbt, cybercrime"
508834,Trek: The Movie,2018,2,https://image.tmdb.org/t/p/w500/ifspI6Tgw5qTXVjIKsDOH4N6xTu.jpg,https://www.youtube.com/watch?v=WXotjO3f0sQ,PG,102,en,United States of America,N/A,"Comedy, Drama, Family",https://www.imdb.com/title/tt7751192,
531166,A Maine Movie,2018,7,https://image.tmdb.org/t/p/w500/4KYjbDH1SeLB4c51bhAxyRBv9n.jpg,https://www.youtube.com/watch?v=weEjrPn8rHs,,78,en,United States of America,N/A,Comedy,https://www.imdb.com/title/tt8545356,
573844,Touken Ranbu: The Movie,2019,6.6,https://image.tmdb.org/t/p/w500/6A6iM5pVWH8VwvkNSDeCqlvLvXA.jpg,,,101,ja,Japan,N/A,"Action, Fantasy",https://www.imdb.com/title/tt8493238,"japan, samurai, katana, katana sword, samurai sword, based on video game, espada do samurai, azuchi-momoyama period, honnō-ji incident"
622222,Queer Movie Beautiful,2018,6,https://image.tmdb.org/t/p/w500/dTpJXKb08FErFFtgWRAr2J2yezd.jpg,,,73,ko,South Korea,N/A,"Drama, Romance",https://www.imdb.com/title/tt8582104,boys' love (bl)
543034,Wonderful! Liang Xi Mei,2018,0,https://image.tmdb.org/t/p/w500/5aRaMb8JUsiNBN8as1JfuVFxYPJ.jpg,https://www.youtube.com/watch?v=0FhQopLayu4,,131,zh,Singapore,N/A,Comedy,https://www.imdb.com/title/tt7897012,
492715,Servamp Movie: Alice in the Garden,2018,6.3,https://image.tmdb.org/t/p/w500/w5xkRGWjGEBbJgEOsIxMqMgAFy9.jpg,https://www.youtube.com/watch?v=HE2BeYUWNMA,,59,ja,Japan,N/A,"Animation, Action, Comedy, Fantasy",https://www.imdb.com/title/tt8714584,"vampire, supernatural, based on manga, anime, josei"
971249,Skin: The Movie,2018,7,https://image.tmdb.org/t/p/w500/1O34zgdqQJwr7wQSWhgFlCbERMP.jpg,,NR,51,en,United States of America,N/A,Comedy,https://www.imdb.com/title/tt8424862,
512093,Baba Yega: The Movie,2018,3,https://image.tmdb.org/t/p/w500/w2y2KGd2X5J4pxUx91IcGxIVvjs.jpg,,,78,nl,Belgium,N/A,"Music, Family, Adventure",https://www.imdb.com/title/tt8176558,
582472,The Coolest Guy Movie Ever: The Return to the Scene of The Great Escape,2018,6,https://image.tmdb.org/t/p/w500/3CH6bsML1eDE4MGL9ZqxVzgaiRr.jpg,,,58,en,,N/A,Documentary,https://www.imdb.com/title/tt8811136,
591140,AeroPress Movie,2018,6,https://image.tmdb.org/t/p/w500/kON8LSG6saHYJASmx1qJxPJUwpZ.jpg,,,45,en,,N/A,Documentary,https://www.imdb.com/title/tt9176638,"coffee, barista, aeropress"
476294,Infini-T Force the Movie: Farewell Gatchaman My Friend,2018,5.7,https://image.tmdb.org/t/p/w500/h3CUPemvU0ppcmsoEXtXOSSrfbZ.jpg,https://www.youtube.com/watch?v=55jmZEmox24,,91,ja,Japan,N/A,"Action, Adventure, Animation, Crime, Science Fiction",https://www.imdb.com/title/tt9072902,"gatchaman, tekkaman, casshan"
585497,The Makavejev Case or Trial in a Movie Theater,2018,4,https://image.tmdb.org/t/p/w500/geSxE6cSs8wRTRmZVdK4xjR3bDv.jpg,,,74,sr,Serbia,N/A,Documentary,https://www.imdb.com/title/tt9845012,
438312,Silariang: Cinta Yang (Tak) Direstui,2018,8,https://image.tmdb.org/t/p/w500/4O1jjrtR0hZv9gO4lX84N1mfAqF.jpg,https://www.youtube.com/watch?v=4b5OqFXesUk,,98,id,Indonesia,N/A,"Drama, Romance",https://www.imdb.com/title/tt7268778,"love, elope, couple, jakarta indonesia, elopement, married, buginese, makassarnese, south sulawesi"
497656,"Mother, May I Dance with Mary Jane's Fist?: A Lifetone Original Movie",2018,8,https://image.tmdb.org/t/p/w500/cuVTfZ8EkZhpEWTiMk5F3J5Hf4o.jpg,,,32,en,United States of America,N/A,"Comedy, TV Movie",https://www.imdb.com/title/tt7880084,ballet dancer
541787,David,2018,6,https://image.tmdb.org/t/p/w500/m7n6kww0cKU836FSRIBPdPlAVB4.jpg,,,59,en,United States of America,N/A,"Drama, Thriller",https://www.imdb.com/title/tt8717974,
701527,Girls und Panzer Compilation Movie,2018,4.3,https://image.tmdb.org/t/p/w500/rrHrMDqyTEBtQOHMaDnmRdkkZRl.jpg,,,122,ja,Japan,N/A,"Animation, War, Action, Science Fiction, Comedy",https://www.imdb.com/title/tt12280576,
504975,Around India with a Movie Camera,2019,0,https://image.tmdb.org/t/p/w500/7cDiAgC48FSWPbfmGQvwi0vvnuX.jpg,,,72,en,United Kingdom,N/A,Documentary,https://www.imdb.com/title/tt7981638,india
550104,Yo-kai Watch: Forever Friends,2018,7.3,https://image.tmdb.org/t/p/w500/4ZelNVEPPtICAppbwtlpvIjKZf5.jpg,,,100,ja,Japan,N/A,"Animation, Fantasy, Adventure",https://www.imdb.com/title/tt9447676,"based on video game, youkai, 1960s, anime"
563655,Samhain: A Halloween Horror Movie,2018,0,https://image.tmdb.org/t/p/w500/jw7vkYImHYKcKU10jQElSv4SAVs.jpg,,,67,en,,N/A,Horror,https://www.imdb.com/title/tt8968844,
550085,Monster Strike the Movie: Sora no Kanata,2018,2.7,https://image.tmdb.org/t/p/w500/c81ruKy1s0uXDew8EV2sNrf6aTL.jpg,,,97,ja,Japan,N/A,Animation,https://www.imdb.com/title/tt9109822,anime
529767,The Jonah Movie,2018,9.5,https://image.tmdb.org/t/p/w500/ny2JpC5UGRU8HZ5MbRcHeXAmTVl.jpg,https://www.youtube.com/watch?v=uzMxagFItg4,,52,en,United States of America,N/A,Documentary,https://www.imdb.com/title/tt7239400,
531017,The Coming Back Out Ball Movie,2018,0,https://image.tmdb.org/t/p/w500/xcO8XJG3g6SdrPSLUSkk6l94xCL.jpg,https://www.youtube.com/watch?v=e9hYUhpuc2I,,0,en,Australia,N/A,Documentary,https://www.imdb.com/title/tt8391350,"australia, elder"
692120,The Daniel Tiger Movie: Won't You Be Our Neighbor?,2018,0,https://image.tmdb.org/t/p/w500/u1ZnIMtp43WFxoNT0DtWLUIq8sS.jpg,,G,48,en,,N/A,Family,https://www.imdb.com/title/tt8847740,
519949,The Gut Movie,2018,0,https://image.tmdb.org/t/p/w500/cuYNA08gO5YQPqQcUtVR9raiQgz.jpg,,,0,en,,N/A,Documentary,https://www.imdb.com/title/tt8316290,health
514410,Ice: The Movie,2018,8.2,https://image.tmdb.org/t/p/w500/dXjQxjOQ9JexRTsVCgxVATE5s0l.jpg,https://www.youtube.com/watch?v=QLc8ufjUv_o,,98,en,United States of America,N/A,Drama,https://www.imdb.com/title/tt5748106,"figure skating, ice skating"
523359,Pocoyo in cinemas: Your First Movie,2018,5.7,https://image.tmdb.org/t/p/w500/7L5t5y5pZIK5fLlGBhhGvhYonC9.jpg,https://www.youtube.com/watch?v=Xcxk-h3BeDc,NR,50,es,Spain,N/A,"Animation, Adventure",https://www.imdb.com/title/tt10499426,pocoyo
280217,The Lego Movie 2: The Second Part,2019,6.666,https://image.tmdb.org/t/p/w500/QTESAsBVZwjtGJNDP7utiGV37z.jpg,https://www.youtube.com/watch?v=cksYkEzUa7k,PG,107,en,Canada,N/A,"Action, Adventure, Animation, Comedy, Family",https://www.imdb.com/title/tt3513498,"villain, sequel, based on toy, live action and animation, lego"
454640,The Angry Birds Movie 2,2019,7.1,https://image.tmdb.org/t/p/w500/dz3AjGWAPV4cK8lRDY0DdaVfGUK.jpg,https://www.youtube.com/watch?v=RDj8Y2K0ODA,PG,97,en,Finland,N/A,"Animation, Action, Fantasy, Adventure, Comedy, Family",https://www.imdb.com/title/tt6095472,"island, rivalry, sequel, family, animal kingdom, cliché"
584962,Between Two Ferns: The Movie,2019,5.953,https://image.tmdb.org/t/p/w500/cHxc8v1GkzdjjhF2qnpG6wdXrOT.jpg,https://www.youtube.com/watch?v=OjljgkCQv5c,R,82,en,United States of America,N/A,Comedy,https://www.imdb.com/title/tt9398640,"interview, celebrity, cringe comedy, celebrity guest"
538225,Deadwood: The Movie,2019,6.748,https://image.tmdb.org/t/p/w500/fCQ13cqd02dop7Chkov0fPl4r3t.jpg,https://www.youtube.com/watch?v=ejqSTxm8Fws,R,110,en,United States of America,N/A,"Western, Drama",https://www.imdb.com/title/tt4943998,"rivalry, based on tv series"
422803,A Shaun the Sheep Movie: Farmageddon,2019,6.925,https://image.tmdb.org/t/p/w500/p08FoXVFgcRm5QZBaGj0VKa2W2Y.jpg,https://www.youtube.com/watch?v=aRVEm-yrm-k,G,87,en,France,N/A,"Family, Animation, Adventure, Comedy, Science Fiction",https://www.imdb.com/title/tt6193408,"sheep, sequel, stop motion, aftercreditsstinger, claymation, sheep farm, plasticine"
537061,Steven Universe: The Movie,2019,8.158,https://image.tmdb.org/t/p/w500/8mRgpubxHqnqvENK4Bei30xMDvy.jpg,https://www.youtube.com/watch?v=9FGyVAIRI-4,PG,82,en,United States of America,N/A,"TV Movie, Adventure, Animation, Comedy, Fantasy, Music, Science Fiction, Action, Drama",https://www.imdb.com/title/tt10515852,"musical, memory loss, abandonment, vengeance, abandonment issues"
366668,Playmobil: The Movie,2019,5.644,https://image.tmdb.org/t/p/w500/zPQzLZnfVw9fbXyxxglyOsmQBlu.jpg,https://www.youtube.com/watch?v=xgyP9GG9Ecw,PG,99,en,Canada,N/A,"Family, Animation, Comedy, Adventure",https://www.imdb.com/title/tt4199898,"playmobil, live action and animation, provocative"
608654,The Banana Splits Movie,2019,6.555,https://image.tmdb.org/t/p/w500/vG9FY2wHVwOOQfqNlUt2LbRzRNl.jpg,https://www.youtube.com/watch?v=0R1-ZZTcTBY,R,89,en,United States of America,N/A,"Horror, Thriller, Comedy",https://www.imdb.com/title/tt9831136,"gore, woman director, television / tv studio, evil scientist, based on tv series"
553002,Horrible Histories: The Movie - Rotten Romans,2019,5.2,https://image.tmdb.org/t/p/w500/nxtpykb8Co2UDj0in8urdr4XmbE.jpg,https://www.youtube.com/watch?v=ocJqSOU8LnQ,,92,en,United Kingdom,N/A,"Comedy, Family, Adventure",https://www.imdb.com/title/tt7715070,"roman empire, ancient rome, roman army, nero, 1st century, celts, teenage protagonist, based on tv series"
611291,Bring the Soul: The Movie,2019,8.4,https://image.tmdb.org/t/p/w500/7x5CguA0MxHqbSjhi14UEuK7c95.jpg,https://www.youtube.com/watch?v=AwrClxIhsYc,,105,ko,South Korea,N/A,"Music, Documentary",https://www.imdb.com/title/tt10545076,"k-pop, idol group"
585831,The Bad Guys: Reign of Chaos,2019,6.923,https://image.tmdb.org/t/p/w500/on0F72EERa5nOSXaWKZhLfGrHQW.jpg,https://www.youtube.com/watch?v=4YwgHuSZhIw,,114,ko,South Korea,N/A,"Action, Crime",https://www.imdb.com/title/tt10726604,"yakuza, ex-con"
553839,Saga of Tanya the Evil: The Movie,2019,8.1,https://image.tmdb.org/t/p/w500/slamFBuUGFtL4LtWpS9qXQ1qSLl.jpg,https://www.youtube.com/watch?v=jTWkeiIMncI,,98,ja,Japan,N/A,"Animation, Action, War, Fantasy",https://www.imdb.com/title/tt9507276,"magic, sequel, revenge, military, anime, another world, isekai, war, based on light novel"
934809,The Road to El Camino: Behind the Scenes of El Camino: A Breaking Bad Movie,2019,6.9,https://image.tmdb.org/t/p/w500/2BcQ0ZScTBj3sihSQkV1SXYHqdU.jpg,,PG-13,13,en,United States of America,N/A,Documentary,https://www.imdb.com/title/tt11151792,"behind the scenes, making of"
642949,A Christmas Movie Christmas,2019,5.6,https://image.tmdb.org/t/p/w500/5H9Xvprh7PU1rFTGm2ZcnbaeP7s.jpg,https://www.youtube.com/watch?v=-G-kI3HzVK4,G,90,en,United States of America,N/A,"Romance, TV Movie, Fantasy",https://www.imdb.com/title/tt11096888,christmas
554801,The Confidence Man JP - The Movie -,2019,7.5,https://image.tmdb.org/t/p/w500/2nKsVaIODBXYA26mhynZ9KvEL3R.jpg,,,116,ja,Hong Kong,N/A,"Comedy, Mystery",https://www.imdb.com/title/tt9552258,cheating
694265,Helsreach,2017,0,https://image.tmdb.org/t/p/w500/cRsufnuSHIjZjvteuqdEuhGt9o3.jpg,https://www.youtube.com/watch?v=tayd2Xcofwg,NR,150,en,United States of America,N/A,"Science Fiction, Fantasy, War, Animation",https://www.imdb.com/title/tt12820524,"space marine, dark fantasy, warhammer, grimdark, adeptus astartes, warhammer 40k"
639999,Ejen Ali: The Movie,2019,8.19,https://image.tmdb.org/t/p/w500/cYdGwCMR1DD3Vg61zrR3NsyrJal.jpg,https://www.youtube.com/watch?v=4hxAmB52nCw,,97,ms,Malaysia,N/A,"Animation, Action, Adventure, Comedy, Family, Mystery, Science Fiction, Thriller",https://www.imdb.com/title/tt9020536,"spy, based on cartoon, agent, based on tv series, 3d animation"
616473,BoBoiBoy: Elemental Heroes,2019,8.5,https://image.tmdb.org/t/p/w500/5wFIkx7aLhTHxwztj8AXgF17rHj.jpg,https://www.youtube.com/watch?v=t3yFQPwV4so,G,116,ms,Malaysia,N/A,"Animation, Family, Action, Adventure, Comedy, Science Fiction",https://www.imdb.com/title/tt10419266,"superhero, sequel, based on cartoon, supervillain, based on tv series, second part"
784353,Watching This Movie Is a Crime!,2021,8.8,https://image.tmdb.org/t/p/w500/bgMmm7pyYSjHnI3UtGPn0cMdvU9.jpg,,,88,fa,,N/A,"Drama, Thriller",https://www.imdb.com/title/tt9899860,
636207,The Old Man Movie,2019,6.9,https://image.tmdb.org/t/p/w500/ae3MHSj6OJL1aZyAD4pq6FUh9qr.jpg,https://www.youtube.com/watch?v=fLuZMXmrjMI,,88,et,Estonia,N/A,"Animation, Comedy, Adventure",https://www.imdb.com/title/tt11020466,"dark comedy, invention, road trip, stop motion"
528225,Sound! Euphonium the Movie – Our Promise: A Brand New Day,2019,7,https://image.tmdb.org/t/p/w500/nWXJ920KugmI0B1EfAg1OQlWP8Q.jpg,,G,100,ja,Japan,N/A,"Animation, Drama",https://www.imdb.com/title/tt7089882,"high school, based on novel or book, competition, classical music, orchestra, sequel, coming of age, school, tournament, art, school life, anime, school club"
594709,Ott Tänak - The Movie,2019,6.7,https://image.tmdb.org/t/p/w500/5iFTiVJXdnPrufr8kGsWHRYA6f7.jpg,https://www.youtube.com/watch?v=0LLbOU4lkl4,,138,et,,N/A,Documentary,https://www.imdb.com/title/tt9904844,"biography, rally, wrc, world rally championship"
585833,Steam Room Stories: The Movie,2019,6.4,https://image.tmdb.org/t/p/w500/wHM4hOpIbrE7U6a0zLhtUgYJSI.jpg,https://www.youtube.com/watch?v=HdPulhwLS50,,95,en,,N/A,"Comedy, Romance",https://www.imdb.com/title/tt8483220,"gym, lgbt, steam room, based on web series"
570269,Trinity Seven: Heaven's Library & Crimson Lord,2019,7.8,https://image.tmdb.org/t/p/w500/vh4f6N3VdgzmYnRK3VctwBZWdv9.jpg,https://www.youtube.com/watch?v=Fk1iGpUFcjY,R,61,ja,Japan,N/A,"Animation, Action, Fantasy, Comedy",https://www.imdb.com/title/tt9826484,"magic, harem, sword fight, end of the world, dragon, parallel world, ecchi, shounen, anime"
619651,This Is Not a Movie: Robert Fisk and the Politics of Truth,2019,7.5,https://image.tmdb.org/t/p/w500/4nC60nEcIADFVN3DyNcLEtJTkWj.jpg,https://www.youtube.com/watch?v=FdwJwT30adM,,109,en,Canada,N/A,"Documentary, History",https://www.imdb.com/title/tt10728282,"palestinian-israeli conflict, belfast, north ireland, armenian genocide, foreign correspondent, state crimes, weapons trafficking, war journalism, syrian civil war"
636474,Going Attractions: The Definitive Story of the Movie Palace,2019,7,https://image.tmdb.org/t/p/w500/fkBuSxWXc54u2Obhl064Qkuz0dS.jpg,https://www.youtube.com/watch?v=S9bMiEt8_xQ,NR,84,en,United States of America,N/A,"Documentary, History",https://www.imdb.com/title/tt7248524,"architecture, archive footage, nostalgic, archival, architecture history, cinema history, film archives, usa cinema, movie theater"
529589,Love Live! Sunshine!! The School Idol Movie Over the Rainbow,2019,6.7,https://image.tmdb.org/t/p/w500/cw2weO8RB8Sz7gaPCtzSfRy65Oo.jpg,https://www.youtube.com/watch?v=DAz6Gy3DVKU,,100,ja,Japan,N/A,"Music, Animation, Comedy",https://www.imdb.com/title/tt8659948,
604129,Ibiza: The Silent Movie,2019,5.7,https://image.tmdb.org/t/p/w500/oolTeWyqq11yGZ42abkQMoj6YTl.jpg,https://www.youtube.com/watch?v=hYBloZUqLq4,,100,en,United Kingdom,N/A,"Documentary, Music",https://www.imdb.com/title/tt5788598,
672499,The Earthing Movie,2019,8.5,https://image.tmdb.org/t/p/w500/2glsKMK8sUxgjB6knQKxcwRIzqT.jpg,,,75,en,,N/A,Documentary,https://www.imdb.com/title/tt12927426,
636959,Sumikko Gurashi: The Pop-up Book and the Secret Child,2019,7,https://image.tmdb.org/t/p/w500/2Y6ufg3H3bp8655ET8kKM7FGskL.jpg,,,66,ja,Japan,N/A,"Animation, Family",https://www.imdb.com/title/tt11311968,"fairy tale, creature, anime, pop-up"
634245,Churchill and the Movie Mogul,2019,7.3,https://image.tmdb.org/t/p/w500/31CDMQ4EzREkk26RWaQlQerpNle.jpg,,,59,en,United Kingdom,N/A,"Documentary, War",https://www.imdb.com/title/tt9461284,reenactment
599811,Si Doel the Movie 2,2019,6.4,https://image.tmdb.org/t/p/w500/dKrF1rbdFxxp4FL116Ywjztq9CO.jpg,,,95,id,Indonesia,N/A,"Drama, Comedy, Family, Romance",https://www.imdb.com/title/tt10290062,
870958,Max Steiner: Maestro of Movie Music,2019,7.6,https://image.tmdb.org/t/p/w500/i4sxhF0ZwYXLtFSNPSw5zUNel7P.jpg,,,120,en,Austria,N/A,Documentary,https://www.imdb.com/title/tt11789508,"biography, music documentary"
632840,Out and About 2: Las Vegas Adventure,2020,0,https://image.tmdb.org/t/p/w500/mwEu72tnsRUC9xIl3FJERJY5hI3.jpg,https://www.youtube.com/watch?v=XuziUV26L2w,R,78,en,United States of America,N/A,Comedy,https://www.imdb.com/title/tt10013072,
559519,Mr. Osomatsu the Movie,2019,7.1,https://image.tmdb.org/t/p/w500/soUBnuYDrPLmURRtMUiJ6tqvFrM.jpg,https://www.youtube.com/watch?v=c4pczlQMDD4,,108,ja,Japan,N/A,"Comedy, Animation",https://www.imdb.com/title/tt8866460,"anime, osomatsu"
609075,Another Cinema Snob Movie,2019,4.5,https://image.tmdb.org/t/p/w500/bDRA6Nwswdur3JzN84dSqtN9SQP.jpg,https://www.youtube.com/watch?v=DN8rGtw7Qzc,NR,109,en,United States of America,N/A,Comedy,https://www.imdb.com/title/tt8597424,
553932,The Royal Tutor Movie,2019,6.35,https://image.tmdb.org/t/p/w500/96z2nt0c8agVjlfvDys5n1LeBfL.jpg,,,60,ja,Japan,N/A,"Comedy, Animation",https://www.imdb.com/title/tt9255718,
600129,#MalamJumat the Movie,2019,2.8,https://image.tmdb.org/t/p/w500/qAeU9dNsUau1blGaunxlQuizHsS.jpg,https://www.youtube.com/watch?v=qNOaZbwKDBI,,91,id,Indonesia,N/A,"Horror, Thriller",https://www.imdb.com/title/tt10284716,
618378,Life as a B-Movie: Piero Vivarelli,2019,7.3,https://image.tmdb.org/t/p/w500/vCmqqqhuiBHiaCgSzyONumbBNgG.jpg,,,90,it,Italy,N/A,Documentary,https://www.imdb.com/title/tt10604292,
593693,Palau the Movie,2019,7.7,https://image.tmdb.org/t/p/w500/1PvO7fBGSByTQY6wTnN77BQkxex.jpg,,,120,es,Argentina,N/A,Drama,https://www.imdb.com/title/tt8109800,"faith, religion, evangelical christianity"
849153,SUPPS: The Movie,2019,6,https://image.tmdb.org/t/p/w500/ewIB13urKQdB4ItDy51ccifSGU9.jpg,,,98,en,United States of America,N/A,Documentary,https://www.imdb.com/title/tt7414260,
727263,Nimbe,2019,7.5,https://image.tmdb.org/t/p/w500/AkBBs5dljwtwgHBaHvkP0pH5lOa.jpg,https://www.youtube.com/watch?v=7UVMsz2cP3E,,115,en,Niger,N/A,"Drama, Action, Adventure, Fantasy",https://www.imdb.com/title/tt8718112,
616376,Mom's Movie,2019,0,https://image.tmdb.org/t/p/w500/h2MnqD6aGrQ26NLV8dJEg1z9Opl.jpg,,,12,el,Greece,N/A,"Drama, Comedy",https://www.imdb.com/title/tt10655590,short film
637635,Acqua Movie,2019,5.9,https://image.tmdb.org/t/p/w500/yE2pvRlvNU2Pg1OzfFQYDAeRkZP.jpg,,,105,pt,Brazil,N/A,Drama,https://www.imdb.com/title/tt11126036,"affectation, angry, aggressive, zealous, desperate, cautionary, understated, absurd, dramatic, whimsical, admiring, adoring, ambiguous, amused, celebratory, sympathetic, tragic, vibrant"
635302,Demon Slayer -Kimetsu no Yaiba- The Movie: Mugen Train,2020,8.2,https://image.tmdb.org/t/p/w500/h8Rb9gBr48ODIwYUttZNYeMWeUU.jpg,https://www.youtube.com/watch?v=eLq-cX0BlGQ,R,117,ja,Japan,N/A,"Animation, Action, Fantasy, Thriller",https://www.imdb.com/title/tt11032374,"fight, magic, supernatural, psychology, gore, sequel, coming of age, survival, tragedy, based on manga, demon, historical, family, mutilation, dark fantasy, shounen, anime, taisho period"
400160,The SpongeBob Movie: Sponge on the Run,2020,7.448,https://image.tmdb.org/t/p/w500/jlJ8nDhMhCYJuzOw3f52CP1W8MW.jpg,https://www.youtube.com/watch?v=s4TAfaddV4w,PG,95,en,United States of America,N/A,"Family, Animation, Fantasy, Adventure, Comedy",https://www.imdb.com/title/tt4823776,"part live action, based on tv series"
533514,Violet Evergarden: The Movie,2020,8.268,https://image.tmdb.org/t/p/w500/A9R6bukzzRmOzxvDQsXdQpeNm8l.jpg,https://www.youtube.com/watch?v=BUfSen2rYQs,PG,140,ja,Japan,N/A,"Animation, Fantasy, Romance, Drama",https://www.imdb.com/title/tt8652818,"sequel, slice of life, steampunk, doll, military, anime, letters, based on light novel"
566927,Impractical Jokers: The Movie,2020,6.572,https://image.tmdb.org/t/p/w500/kTHzM6pPIjs4LHX33thyZpnKiOP.jpg,https://www.youtube.com/watch?v=IQQ8_VVR4TA,PG-13,92,en,United States of America,N/A,Comedy,https://www.imdb.com/title/tt9208444,"prank, prankster"
594328,Phineas and Ferb the Movie: Candace Against the Universe,2020,7.261,https://image.tmdb.org/t/p/w500/afOa3CpPffC3uQCH2fhMaO3AYpB.jpg,https://www.youtube.com/watch?v=w7FySIfypLc,G,85,en,United States of America,N/A,"Family, Animation, Science Fiction, Comedy",https://www.imdb.com/title/tt1817232,"cartoon, enthusiastic"
703771,Deathstroke: Knights & Dragons - The Movie,2020,6.963,https://image.tmdb.org/t/p/w500/vFIHbiy55smzi50RmF8LQjmpGcx.jpg,https://www.youtube.com/watch?v=MsdVLe2xi9g,R,87,en,United States of America,N/A,"Animation, Action, Adventure, Science Fiction",https://www.imdb.com/title/tt12876132,"superhero, anti hero, villain, comic book, adult animation, edited from tv series"
677638,We Bare Bears: The Movie,2020,7.83,https://image.tmdb.org/t/p/w500/kPzcvxBwt7kEISB9O4jJEuBn72t.jpg,https://www.youtube.com/watch?v=0ZNsLy2IwcY,G,69,en,United States of America,N/A,"Animation, Adventure, Family, Comedy, TV Movie",https://www.imdb.com/title/tt10474606,"road trip, slice of life, police chase, talking animal"
662708,Pokémon the Movie: Secrets of the Jungle,2020,7.279,https://image.tmdb.org/t/p/w500/9Ow7PJcAHMMxgSIjCW6RnRqE9OA.jpg,https://www.youtube.com/watch?v=ByzhuRr8StU,G,101,ja,Japan,N/A,"Animation, Adventure, Family, Fantasy",https://www.imdb.com/title/tt11819890,"pocket monsters, based on video game, anime"
659676,Masameer: The Movie,2020,6.1,https://image.tmdb.org/t/p/w500/uKNvAIGwYzk8sSx8MILQkbRkzur.jpg,https://www.youtube.com/watch?v=6t8Chcw_FpY,,112,ar,Saudi Arabia,N/A,"Animation, Comedy, Action, Drama",https://www.imdb.com/title/tt11561866,"saudi arabia, talking dog, explosion, adult animation, arabic men"
730647,Break the Silence: The Movie,2020,9,https://image.tmdb.org/t/p/w500/k1VK2L971GmEevIjFbjcimxSeMx.jpg,https://www.youtube.com/watch?v=hz9_jkrrptU,,90,ko,South Korea,N/A,"Music, Documentary",https://www.imdb.com/title/tt12850582,"pop star, pop music, concert film, boy band, k-pop"
682153,Doraemon: Nobita's New Dinosaur,2020,7.5,https://image.tmdb.org/t/p/w500/wxCZmXRJa8hSv1Tpih8TBSR4o6b.jpg,,,111,ja,Japan,N/A,"Animation, Adventure, Family, Fantasy, Science Fiction, Comedy",https://www.imdb.com/title/tt10588750,"gadget, time travel, dinosaur, based on manga, anime"
663459,Jungle Beat: The Movie,2020,6.927,https://image.tmdb.org/t/p/w500/cgC67SOxd9xkjN4Bnvjtuj1vI8T.jpg,https://www.youtube.com/watch?v=7lpFfuSACzw,G,89,en,Mauritius,N/A,"Family, Animation, Science Fiction, Comedy",https://www.imdb.com/title/tt12139700,"alien, jungle, alien invasion"
715819,Sky Tour: The Movie,2020,3,https://image.tmdb.org/t/p/w500/m4OSUU8cTNrV4JdaX4lZfRbrP8w.jpg,https://www.youtube.com/watch?v=hZqGbP817TQ,,94,vi,Vietnam,N/A,"Music, Documentary",https://www.imdb.com/title/tt12486200,"inspiring, music documentary"
724475,Ben 10 vs. the Universe: The Movie,2020,7.4,https://image.tmdb.org/t/p/w500/34KSOJVowmkeh6G0HZJMxqdHq6s.jpg,https://www.youtube.com/watch?v=opR_2-IBw8E,G,70,en,United States of America,N/A,"Animation, Action, Adventure, Science Fiction",https://www.imdb.com/title/tt13186528,"extraterrestrial technology, alien, based on cartoon, alien race, based on tv series, ben 10"
718867,The Larva Island Movie,2020,7.154,https://image.tmdb.org/t/p/w500/uHdxICUIRGoJjK67aOp3ykvL8ZW.jpg,https://www.youtube.com/watch?v=BlNyQk2W83k,,89,en,South Korea,N/A,"Animation, Family",https://www.imdb.com/title/tt12588448,"island, lava, wild animal, larvae"
698222,"From Today, It's My Turn!!: The Movie",2020,6.9,https://image.tmdb.org/t/p/w500/lerONWVN0MjraG0iVjKWNUGDzRl.jpg,https://www.youtube.com/watch?v=qgm3_GDjdls,,114,ja,Japan,N/A,"Comedy, Action",https://www.imdb.com/title/tt11427318,"japan, based on manga"
754433,Bobbleheads: The Movie,2020,4.3,https://image.tmdb.org/t/p/w500/t7gNfiDRZLgNka0Q7hPmRgmxLoG.jpg,https://www.youtube.com/watch?v=qMSSc7MMmY4,PG,83,en,United States of America,N/A,"Family, Animation, Adventure, Comedy",https://www.imdb.com/title/tt13292206,"figurine, bobblehead"
637202,Fate/Grand Order the Movie: Divine Realm of the Round Table: Camelot Wandering; Agateram,2020,7.2,https://image.tmdb.org/t/p/w500/uReEyxkxzqS4Dq9vty5z47x8W4c.jpg,https://www.youtube.com/watch?v=nTuuY54Z0jI,,90,ja,Japan,N/A,"Animation, Action, Adventure, History, Drama, Fantasy",https://www.imdb.com/title/tt9534948,"based on video game, anime"
532323,SHIROBAKO the Movie,2020,7.2,https://image.tmdb.org/t/p/w500/klW9il9TNmyCDYg3p7ZGgMSsc22.jpg,,NR,119,ja,Japan,N/A,"Animation, Comedy, Drama",https://www.imdb.com/title/tt8346438,anime
785497,The ObamaGate Movie,2020,4,https://image.tmdb.org/t/p/w500/jWXGNn6agPDiIOgFMw2SzfRf9L1.jpg,https://www.youtube.com/watch?v=Qqi5Cv4OFJg,NR,71,en,,N/A,"Drama, Comedy",https://www.imdb.com/title/tt19733946,
670328,Dino Dana: The Movie,2020,7.3,https://image.tmdb.org/t/p/w500/ovrVAIXOuES7ZM90uFhrM9xoRW4.jpg,https://www.youtube.com/watch?v=O6UVhRJinxg,,85,en,Canada,N/A,"Family, Adventure, Comedy, Fantasy",https://www.imdb.com/title/tt12215286,
755979,Mael Totey: The Movie,2020,4,https://image.tmdb.org/t/p/w500/m6E4IrN4O2AO18CuBm5dnCRHEYh.jpg,https://www.youtube.com/watch?v=0C4vsyBw2QU,,103,ms,Malaysia,N/A,Comedy,https://www.imdb.com/title/tt13285446,
651189,The End of Doel's Love Story,2020,6.3,https://image.tmdb.org/t/p/w500/u83rPC8nQQ1QtELfAqw3OR1ccLs.jpg,,,92,id,Indonesia,N/A,"Drama, Comedy, Family, Romance",https://www.imdb.com/title/tt11469660,
1146706,Our Popcorn Movie Dystopia - Some More News: The Movie,2020,10,https://image.tmdb.org/t/p/w500/xqAmzlcZCc9kganHSjRzme8q4EN.jpg,,PG-13,136,en,,N/A,"Comedy, TV Movie",https://www.imdb.com/title/tt13391734,
1401979,The Rodfellows Movie,2020,5.5,https://image.tmdb.org/t/p/w500/pzXvdvv2GsHU8EUqtp6YY3PxvkC.jpg,,,136,en,United States of America,N/A,"Animation, Adventure, Comedy",https://www.imdb.com/title/tt12716012,"revenge, internet, outsider art, teamwork, low budget, furry, animal, animated comedy"
746840,Movie Trailers: A Love Story,2020,5.8,https://image.tmdb.org/t/p/w500/iJwnZ8OoYGDFkM6a5JtQlvWzdbX.jpg,https://www.youtube.com/watch?v=kRmn1pEqc0g,,81,en,United States of America,N/A,Documentary,https://www.imdb.com/title/tt13282518,
801790,Lilly's Light: The Movie,2020,0,https://image.tmdb.org/t/p/w500/A9Vk3RVN3WeDi9yoqwtGAvXlKYL.jpg,,,60,en,United States of America,N/A,"Family, Fantasy, Music",https://www.imdb.com/title/tt13944292,
623409,High School Fleet Movie,2020,4.3,https://image.tmdb.org/t/p/w500/ylnIQ3Cx9srhRyQHNpv51KDSHvj.jpg,,,103,ja,Japan,N/A,"Animation, Action, Drama, Science Fiction",https://www.imdb.com/title/tt11639420,"school, military"
681749,The 420 Movie,2020,4,https://image.tmdb.org/t/p/w500/vzky61FKWysDL8OX8Yu9HkGvcBG.jpg,https://www.youtube.com/watch?v=RSnovQnZs4E,,81,en,,N/A,Comedy,https://www.imdb.com/title/tt3234012,
661818,The Last Movie Painter,2020,7.556,https://image.tmdb.org/t/p/w500/oF8yTC219r5TWZRAHuTd1U5fKOi.jpg,https://www.youtube.com/watch?v=gjGBM96ii1s,,90,it,Italy,N/A,Documentary,https://www.imdb.com/title/tt11565130,"cinema on cinema, biography, portrait of an artist"
753955,Headcheese the Movie,2020,2,https://image.tmdb.org/t/p/w500/lis57cBCjDxJQAQV9kfcHgDhJet.jpg,,,0,en,United States of America,N/A,"Action, Comedy",https://www.imdb.com/title/tt10772334,
1361091,Meta Runner Season 1 (Animated Movie Cut),2020,8,https://image.tmdb.org/t/p/w500/cUdrh6LVp8QoyQVSviHmORFVeqn.jpg,,,0,en,,N/A,,https://www.imdb.com/title/tt13134916,
722227,Teen Musical: The Movie,2020,7,https://image.tmdb.org/t/p/w500/mbO5KZ93o1va45Qc7IdTHmzMxSO.jpg,,G,126,en,United States of America,N/A,Music,https://www.imdb.com/title/tt8851764,singer
798725,God City Da Movie,2020,0,https://image.tmdb.org/t/p/w500/or2Dirq0E1Mig7h60lyCFgONSej.jpg,https://www.youtube.com/watch?v=_ESX0SOCHbA,,86,en,United States of America,N/A,Crime,https://www.imdb.com/title/tt13423384,
713577,Miniature Wargaming: The Movie,2018,0,https://image.tmdb.org/t/p/w500/qrCIm9HKeAWz1m9zRbFeGUL7tol.jpg,,,105,en,,N/A,Documentary,https://www.imdb.com/title/tt7391452,
659896,Gundam Reconguista in G Movie II: Bellri’s Fierce Charge,2020,7.3,https://image.tmdb.org/t/p/w500/3DfwvX4DbYHNM25D0P2XTIBpa7U.jpg,https://www.youtube.com/watch?v=ltoPXSN6Ah8,,94,ja,Japan,N/A,"Animation, Action, Adventure, Science Fiction",https://www.imdb.com/title/tt11433900,"mecha, edited from tv series, anime, real robot, gundam"
781347,Tales from the Grave: The Movie,2022,1,https://image.tmdb.org/t/p/w500/6ih2OcUZf6LBTvc1dmpHameFVjr.jpg,,,62,en,,N/A,,https://www.imdb.com/title/tt12179920,
792570,The Thanksgiving Movie,2020,0,https://image.tmdb.org/t/p/w500/efdUEYlcR1iPUvFMucm1Eh8knIE.jpg,https://www.youtube.com/watch?v=jMFg258tWxk,,76,en,,N/A,"Animation, Adventure, Family, Mystery",https://www.imdb.com/title/tt13161792,"thanksgiving, turkey, christmas, turkeys, holiday story, santa"
690511,Monster Strike the Movie: Lucifer Dawn of Despair,2020,3.3,https://image.tmdb.org/t/p/w500/cablSi2XgFTkGrYOJsgIDwybEaF.jpg,,,0,ja,Japan,N/A,"Animation, Action, Fantasy",https://www.imdb.com/title/tt12408992,"magic, angel, god, demon, combat, anime"
776080,Geometry: The Movie,2020,1,https://image.tmdb.org/t/p/w500/9G7m3tihpdNRTi6WtKKgTXzaBmw.jpg,,,0,en,,N/A,Drama,https://www.imdb.com/title/tt12769990,
761198,YOLO: The Horror Movie,2020,0,https://image.tmdb.org/t/p/w500/zFqSS475ciVKscT4qCugmDlLEs.jpg,https://www.youtube.com/watch?v=NhHUtdrncIY,,51,en,United States of America,N/A,"Comedy, Horror",https://www.imdb.com/title/tt13376140,
672710,Nasi Padang,2020,0,https://image.tmdb.org/t/p/w500/eTGuQYV5qcahSQG4FPGvYA2vPpp.jpg,,,42,id,Australia,N/A,"Documentary, Music",https://www.imdb.com/title/tt11889014,
675445,PAW Patrol: The Movie,2021,7.388,https://image.tmdb.org/t/p/w500/jXavWyam2VPR6bOhLwwuP3K2Hw4.jpg,https://www.youtube.com/watch?v=LRMTr2VZcr8,G,86,en,Canada,N/A,"Family, Comedy, Adventure, Animation",https://www.imdb.com/title/tt11832046,"cartoon, dog, animals, kids"
410113,The Loud House Movie,2021,7.333,https://image.tmdb.org/t/p/w500/7dM5DILTl9ddpjvnJhs2nA1U9Ru.jpg,https://www.youtube.com/watch?v=A-JGwOahwms,G,83,en,United States of America,N/A,"Animation, Family, Comedy, Adventure, Fantasy",https://www.imdb.com/title/tt6714432,musical
810406,2gether: The Movie,2021,7.466,https://image.tmdb.org/t/p/w500/iXsURq06m7NRzsvShjVHfWDmdAs.jpg,,NR,107,th,Thailand,N/A,"Music, Romance, Drama",https://www.imdb.com/title/tt14296268,"based on novel or book, boys' love (bl)"
701524,A Cop Movie,2021,7.237,https://image.tmdb.org/t/p/w500/hlq6tv7sFAA7LtNu7Rk8Fw6Kfu1.jpg,https://www.youtube.com/watch?v=b_m3jC4hGn0,R,107,es,Mexico,N/A,"Documentary, Crime, Drama",https://www.imdb.com/title/tt14035242,"mexico city, mexico, corruption, police, training, workplace, patrol, working class, police academy, portrait"
843388,BLACKPINK: The Movie,2021,8.196,https://image.tmdb.org/t/p/w500/566zbgHAqxuptKwuyBX7BwbnHD0.jpg,https://www.youtube.com/watch?v=uN69yi72soI,,99,ko,South Korea,N/A,"Music, Documentary",https://www.imdb.com/title/tt14880612,"concert, live performance, concert film, girl group, k-pop"
720407,Untitled Horror Movie,2021,4.3,https://image.tmdb.org/t/p/w500/HizqO0Htv6e68pWu0gzsoDthXq.jpg,https://www.youtube.com/watch?v=LBdH8yFGCDA,,87,en,United States of America,N/A,"Horror, Comedy",https://www.imdb.com/title/tt12624584,found footage
846892,The Balcony Movie,2021,7.537,https://image.tmdb.org/t/p/w500/yB6iLGeXCkt8lQc1IPIOY6uuEHw.jpg,https://www.youtube.com/watch?v=AC_yQ6DviZ8,,100,pl,Poland,N/A,Documentary,https://www.imdb.com/title/tt15180952,"husband wife relationship, talking, balcony, neighbor, poland, city life, people, warsaw, poland, film director, human, city, story, life, passerby"
655738,a-ha: The Movie,2021,6.775,https://image.tmdb.org/t/p/w500/prbQbRBKoNDGo6OPB05Zu6Y5HaF.jpg,https://www.youtube.com/watch?v=PjOZZ23ctBw,,109,no,Norway,N/A,"Music, Documentary",https://www.imdb.com/title/tt10851414,"pop star, pop singer, norwegian"
801939,Super Heroes The Movie,2021,9,https://image.tmdb.org/t/p/w500/homwymbPU1R4lde7iX8TtjiAIS4.jpg,https://www.youtube.com/watch?v=U5L7cBHcp8I,,80,en,United States of America,N/A,Romance,https://www.imdb.com/title/tt14087490,
786357,Animals on the Loose: A You vs. Wild Movie,2021,5.878,https://image.tmdb.org/t/p/w500/6ZkhIiJRYLzghOkHrA9X6dbcK3K.jpg,,,45,en,United States of America,N/A,Adventure,https://www.imdb.com/title/tt13853720,interactive
918632,The Super Bob Einstein Movie,2021,6.7,https://image.tmdb.org/t/p/w500/6GCOFPzyrhvInwsdezePQkPLK0x.jpg,https://www.youtube.com/watch?v=oGLnjx5b3vQ,R,78,en,United States of America,N/A,Documentary,https://www.imdb.com/title/tt16533296,"comedian, biography"
833971,The House of Flowers: The Movie,2021,8,https://image.tmdb.org/t/p/w500/nzbwTwSo8aKuvAytaPG6s0xGVE8.jpg,https://www.youtube.com/watch?v=U58oFGixd5M,R,86,es,Mexico,N/A,Drama,https://www.imdb.com/title/tt14549558,
880595,Christmas Movie Magic,2021,4.7,https://image.tmdb.org/t/p/w500/rTBbp2LfrAJdy0DNTHDNhcwbO9c.jpg,,,84,en,Canada,N/A,"TV Movie, Comedy, Romance",https://www.imdb.com/title/tt15515522,christmas
772267,Wendy Williams: The Movie,2021,7.9,https://image.tmdb.org/t/p/w500/rvzJPBJf87nX4o4FemDyKzAqdY2.jpg,https://www.youtube.com/watch?v=2CDfTJ4Utc8,PG-13,88,en,Canada,N/A,"Drama, TV Movie",https://www.imdb.com/title/tt13084756,"drug abuse, talk show, rehabilitation, controversy, biography, scandal, celebrity, fame, price of fame, radio host"
681783,Nussa,2021,6.8,https://image.tmdb.org/t/p/w500/grhplRFAr1CCa5VNcd9KUTE4aOo.jpg,https://www.youtube.com/watch?v=81KWmoFxl3E,,107,id,Indonesia,N/A,"Animation, Family",https://www.imdb.com/title/tt11710090,"competition, school, scientist, family, kids, animation"
736774,"Hello, Stranger: The Movie",2021,7.2,https://image.tmdb.org/t/p/w500/nrGnrf869TOi0GiBiS3YTqR8HWd.jpg,https://www.youtube.com/watch?v=ZeUOPBuSyug,,99,tl,Philippines,N/A,"Romance, Comedy",https://www.imdb.com/title/tt12951932,"lgbt, gay theme, boys' love (bl), frustrated"
728816,Gameboys: The Movie,2021,8.3,https://image.tmdb.org/t/p/w500/7asYc1GbmE15CDcb3HDrfAMW5he.jpg,https://www.youtube.com/watch?v=BTd3PCntHcI,,107,tl,Philippines,N/A,"Romance, Drama, Music",https://www.imdb.com/title/tt14813878,boys' love (bl)
914136,Bai Ivan: The Movie,2021,6.5,https://image.tmdb.org/t/p/w500/7zhI3k0b5afOEQgWREG6jw7koPC.jpg,https://www.youtube.com/watch?v=nxKNAnfP9bg,,96,bg,Bulgaria,N/A,Comedy,https://www.imdb.com/title/tt15381956,
637462,Fate/Grand Order the Movie: Divine Realm Of The Round Table: Camelot Paladin; Agateram,2021,6.2,https://image.tmdb.org/t/p/w500/5GHW8hN8JAXDzid3WDoClz2App5.jpg,,,96,ja,Japan,N/A,"Animation, Action, Adventure, History, Drama, Fantasy",https://www.imdb.com/title/tt13997358,"based on video game, anime"
706566,"Caution, Hazardous Wife: The Movie",2021,7.1,https://image.tmdb.org/t/p/w500/67FAUFk5eduymBslaEzxZ5w7O4R.jpg,,,120,ja,Japan,N/A,"Action, Comedy, Romance",https://www.imdb.com/title/tt11477842,movie version
792271,Pornographer: Playback,2021,6.4,https://image.tmdb.org/t/p/w500/sJfnWpCTREUnhH9mMVChJQS2zl7.jpg,,,106,ja,Japan,N/A,"Drama, Romance",https://www.imdb.com/title/tt13213122,"writer, based on manga, gay theme, psychological, boys' love (bl)"
781801,Steve McQueen: The Lost Movie,2021,7.188,https://image.tmdb.org/t/p/w500/n4GluHwFP2tyoLBxhjl9cDbf1hL.jpg,,,87,en,United Kingdom,N/A,Documentary,https://www.imdb.com/title/tt12381962,"sports, cinema history, formula one (f1), motor racing"
666649,Tersanjung: The Movie,2021,8.2,https://image.tmdb.org/t/p/w500/n3PGPguXN7Z8BsXFEmCmnPsvHYD.jpg,https://www.youtube.com/watch?v=e0Dy1FW3Dbg,NR,114,id,Indonesia,N/A,"Drama, Romance",https://www.imdb.com/title/tt11668994,
645440,Revue Starlight: The Movie,2021,8.6,https://image.tmdb.org/t/p/w500/fQS5v2gglHPfx4BLjPhkuBqSntm.jpg,https://www.youtube.com/watch?v=576xjJdDBNg,,120,ja,Japan,N/A,"Animation, Drama, Fantasy, Action, Music",https://www.imdb.com/title/tt13593042,"surreal, musical, surrealism, postmodern, train, school life, anime, tokyo tower, girls love"
674505,The Pedal Movie,2021,7.8,https://image.tmdb.org/t/p/w500/2ykbFE2YRhuZUs8RxS7qGzQ2nrE.jpg,https://www.youtube.com/watch?v=mlw-CT0W7RA,,142,en,United States of America,N/A,"Documentary, Music",https://www.imdb.com/title/tt11811310,"guitar, rock music, music documentary"
882206,L.O.L. Surprise! The Movie,2021,6.8,https://image.tmdb.org/t/p/w500/vbc8H3SR3BM6TZkJw6UBN4ekdjK.jpg,https://www.youtube.com/watch?v=uqNuidWmR1Q,G,47,en,United States of America,N/A,"Animation, Family",https://www.imdb.com/title/tt15576986,
768480,SIGNAL: The Movie – Cold Case Investigation Unit,2021,6.1,https://image.tmdb.org/t/p/w500/AfkA9vQ102SEguTiFBR4EvHEbdv.jpg,https://www.youtube.com/watch?v=c8YT4FQ-XoA,,122,ja,Japan,N/A,"Mystery, Crime",https://www.imdb.com/title/tt13529316,
923526,99.9 Criminal Lawyer: The Movie,2021,6.6,https://image.tmdb.org/t/p/w500/1Y1PDaLJtpSqPgBBX95adJz1vT6.jpg,,,120,ja,Japan,N/A,"Drama, Comedy, Crime",https://www.imdb.com/title/tt15434284,
798642,No Strings,2021,6,https://image.tmdb.org/t/p/w500/9DdI62EluV8gNzXmPXrz97CsiO7.jpg,https://www.youtube.com/watch?v=8YLOEdh20Uk,,81,en,United States of America,N/A,"Drama, Romance",https://www.imdb.com/title/tt11773084,
616404,Sam & Mattie Make a Zombie Movie,2021,6.7,https://image.tmdb.org/t/p/w500/g9N0DSJYIOPEp4MMTsDnCz9oAX1.jpg,https://www.youtube.com/watch?v=KV3AtpIYyq8,,90,en,,N/A,"Horror, Documentary, Adventure, Fantasy",https://www.imdb.com/title/tt10613030,"small town, dreams, down syndrome, zombie, best friend, family, making of, zombie apocalypse, teenage hero"
681784,Adit Sopo Jarwo: The Movie,2021,7.9,https://image.tmdb.org/t/p/w500/aBNUBd1tT6ONyRft5tXqdRvPy2g.jpg,https://www.youtube.com/watch?v=MQTjPIrVy5E,,82,id,Indonesia,N/A,"Animation, Family",https://www.imdb.com/title/tt13465228,
822435,Backwoods Bubba,2021,0,https://image.tmdb.org/t/p/w500/mAzGWhycMhcjBAAzU1ikei3JUJX.jpg,,,0,en,,N/A,Horror,https://www.imdb.com/title/tt11609250,
862401,Lupin's Daughter: The Movie,2021,7,https://image.tmdb.org/t/p/w500/btRNAf42stJOhnGzUwNZhv13uTR.jpg,,,110,ja,Japan,N/A,"Romance, Drama, Comedy",https://www.imdb.com/title/tt15033850,"honeymoon, family business , family clan, thief, clans, clanul, movie version"
656643,Fries! The Movie,2021,0,https://image.tmdb.org/t/p/w500/wTlii7fACyupp3jCvt1opFGkJHs.jpg,https://www.youtube.com/watch?v=RDtLH6HlKWA,NR,84,en,,N/A,Documentary,https://www.imdb.com/title/tt9435970,"food, french fries"
888921,A Spy Movie,2021,8,https://image.tmdb.org/t/p/w500/cjjU5xpM4hSce80xztA7UgyXZHQ.jpg,,,84,en,,N/A,Comedy,https://www.imdb.com/title/tt16867902,
854455,Kamen Rider Revice: The Movie,2021,7.5,https://image.tmdb.org/t/p/w500/fnPBGTzP7GDUrxfogx5x0PTeosd.jpg,,,23,ja,Japan,N/A,"Action, Fantasy, Science Fiction, Drama",https://www.imdb.com/title/tt15113228,"monster, sibling relationship, superhero, devil, demon, bathhouse, fictional government agency, flying motorcycle"
804278,Charlie's Movie,2020,1,https://image.tmdb.org/t/p/w500/6sxs16OR6tUsPuoKorYs7kPErkj.jpg,,,91,en,,N/A,Thriller,https://www.imdb.com/title/tt12695014,
1247790,The Sailor Dreps Show: The Movie,2021,0,https://image.tmdb.org/t/p/w500/rnl0vhBTvtrZLzgcDf6gA8o6rrF.jpg,,NR,40,en,,N/A,Comedy,https://www.imdb.com/title/tt15575232,
875387,Broken Covenant The Movie,2021,0,https://image.tmdb.org/t/p/w500/qna9uD5f0Roif2GN8dY25izw3Fz.jpg,https://www.youtube.com/watch?v=VGSDXMjwxzA,,132,en,,N/A,"Drama, Romance",https://www.imdb.com/title/tt15457158,
504827,The Bob's Burgers Movie,2022,6.995,https://image.tmdb.org/t/p/w500/31vliI2mopLlh5kUoWpJZ19cF8y.jpg,https://www.youtube.com/watch?v=hbGXqUumtqg,PG-13,101,en,United States of America,N/A,"Animation, Adventure, Comedy",https://www.imdb.com/title/tt7466442,"test of courage, crime scene, aftercreditsstinger, based on tv series, secret playroom, carney town, comforting, optimistic"
800425,Ray Donovan: The Movie,2022,6.851,https://image.tmdb.org/t/p/w500/5sw1EvOeXMGRZGWr18R4EiZs036.jpg,https://www.youtube.com/watch?v=PqW2Uj38vH4,R,100,en,United States of America,N/A,"Crime, Drama, TV Movie",https://www.imdb.com/title/tt14124268,based on tv series
765172,Rise of the Teenage Mutant Ninja Turtles: The Movie,2022,7.2,https://image.tmdb.org/t/p/w500/rSmTqtb7gICeRwvsEmq0uJxR4XU.jpg,https://www.youtube.com/watch?v=viDiinipw8A,,86,en,United States of America,N/A,"Animation, Action, Science Fiction",https://www.imdb.com/title/tt9784708,"superhero, mutant, time travel, turtle, ninja, superhero team, teen superhero, based on tv series"
335795,Monster High: The Movie,2022,6.85,https://image.tmdb.org/t/p/w500/tn3GWm0Erehkpur8PUuYWxGpul5.jpg,https://www.youtube.com/watch?v=Ghz0V5LegzI,G,89,en,Canada,N/A,"Family, Fantasy, Comedy, Adventure",https://www.imdb.com/title/tt1447981,"high school, monster, musical, wolfman, teen movie, based on toy, werewolf, jekyll and hyde, teenage heroine, frankenstein, dracula, independent film"
820067,The Quintessential Quintuplets Movie,2022,8.3,https://image.tmdb.org/t/p/w500/sg7klpt1xwK1IJirBI9EHaqQwJ5.jpg,https://www.youtube.com/watch?v=maS5nHFa1o8,,136,ja,Japan,N/A,"Animation, Comedy, Romance",https://www.imdb.com/title/tt15721650,"adolescence, harem, sister, based on comic, romance, slice of life, school, anime"
876792,That Time I Got Reincarnated as a Slime the Movie: Scarlet Bond,2022,7.4,https://image.tmdb.org/t/p/w500/xITip9n9uMAUA0TU6niMXU2tbh0.jpg,https://www.youtube.com/watch?v=fG8fUTen5NI,PG-13,108,ja,Japan,N/A,"Animation, Fantasy, Adventure",https://www.imdb.com/title/tt15467380,"slime, reincarnation, demon, goblin, shounen, anime, other world, adventure"
647808,The Nan Movie,2022,5.6,https://image.tmdb.org/t/p/w500/rHOQEt5x3MIznoqXtuTJWblHtYz.jpg,https://www.youtube.com/watch?v=yXpCxgVbxEU,,95,en,United Kingdom,N/A,Comedy,https://www.imdb.com/title/tt10398318,"dancing, dance, jealousy, handcuffs, nightclub, horse, kiss, dublin, ireland, road trip, family relationships, clubbing, flashback, female protagonist, explosion, ireland, grandson, dying woman, grandmother, crowd, elderly, estranged family member, driving, woman director, drunkenness, estranged sister, 1950s, parking warden, pensioners, elderly lady, origin story, grandmother grandson relationship, based on tv series, elderly woman, pub, trip"
1037858,The Soccer Football Movie,2022,5.8,https://image.tmdb.org/t/p/w500/vG8dVH74f9h9Y8bvRCGk9eL6VlK.jpg,https://www.youtube.com/watch?v=GHI6rIQshHs,PG,70,en,United States of America,N/A,"Animation, Comedy, Family",https://www.imdb.com/title/tt22774688,"monster, sports, mutant, football (soccer), evil scientist, idol"
893712,Sword Art Online the Movie – Progressive – Scherzo of Deep Night,2022,7.738,https://image.tmdb.org/t/p/w500/a8B3bagkYRULdmnhgKMcxXaVcFm.jpg,https://www.youtube.com/watch?v=8ZbfktN5KSY,NR,100,ja,Japan,N/A,"Animation, Action, Fantasy, Science Fiction",https://www.imdb.com/title/tt15830702,"monster, based on novel or book, virtual reality, fantasy world, anime, mmorpg, virtual world, based on light novel, vrmmo"
938567,Teasing Master Takagi-san: The Movie,2022,8.5,https://image.tmdb.org/t/p/w500/kGyya4tD6mDCGjfoK9lktDkLxvy.jpg,https://www.youtube.com/watch?v=WCEnkmQyh9k,,73,ja,Japan,N/A,"Animation, Comedy, Romance",https://www.imdb.com/title/tt15313532,"cat, romcom, sequel, romance, slice of life, school, based on manga, school life, shounen, anime"
782054,Doraemon the Movie: Nobita's Little Star Wars 2021,2022,6.5,https://image.tmdb.org/t/p/w500/48gKZioIDeUOI0afbYv3kh9u9RQ.jpg,https://www.youtube.com/watch?v=7MGNOmpTm-E,,108,ja,Japan,N/A,"Animation, Science Fiction, Adventure, Family",https://www.imdb.com/title/tt13740078,
926916,Cherry Magic! THE MOVIE,2022,7.7,https://image.tmdb.org/t/p/w500/9atxF5V7gUC3x5CFHYmsnjJGyV8.jpg,,,104,ja,Japan,N/A,"Comedy, Romance",https://www.imdb.com/title/tt19632738,"virgin, office, supernatural, workplace, romance, based on manga, co-workers relationship, lgbt, office romance, workplace romance, honest, gay romance, gay theme, boys' love (bl), life, salaryman"
937753,Love Destiny: The Movie,2022,6.8,https://image.tmdb.org/t/p/w500/xydEAOsDUKogj4FbQtN8iGPCSYU.jpg,https://www.youtube.com/watch?v=ShD0CvB9kWM,,166,th,Thailand,N/A,"Romance, Comedy, Fantasy",https://www.imdb.com/title/tt13446128,"ship, cannon, based on novel or book, time travel, period drama, based on tv series"
988294,Air Force The Movie: Danger Close,2022,5.8,https://image.tmdb.org/t/p/w500/vXpyvKnQSXFxsge0Zb3Yf7m7oxz.jpg,https://www.youtube.com/watch?v=A6__oM8WMtU,,103,ms,Malaysia,N/A,"Action, War, Adventure",https://www.imdb.com/title/tt14571464,
566466,Laid-Back Camp the Movie,2022,7.647,https://image.tmdb.org/t/p/w500/azp9BHalGiCJ72mgcoM6rQFn6qL.jpg,,,121,ja,Japan,N/A,"Animation, Comedy",https://www.imdb.com/title/tt14364238,"camping, slice of life, hobby, school, camp, based on manga, ecology, educational, journey, anime"
1051180,Mechamato Movie,2022,0,https://image.tmdb.org/t/p/w500/gXv1sy3Jw5lJXog06MC7f57ERu5.jpg,https://www.youtube.com/watch?v=rLJ81r82rXs,G,116,ms,Malaysia,N/A,"Animation, Action, Adventure, Comedy, Family, Science Fiction",https://www.imdb.com/title/tt24225212,"superhero, prequel, based on cartoon, supervillain, based on tv series"
993885,Semantic Error: The Movie,2022,7.4,https://image.tmdb.org/t/p/w500/Ae161is3LOyvt5tDpbqOkF8AnFM.jpg,,NR,177,ko,South Korea,N/A,"Drama, Romance",https://www.imdb.com/title/tt22191360,"based on novel or book, campus, university, gay romance, enemies to lovers, based on webcomic or webtoon, boys' love (bl)"
1016664,Toldi,2022,8.5,https://image.tmdb.org/t/p/w500/3SVUPmW1VjOpRvhx7FRq2vi8I4T.jpg,,,103,hu,Hungary,N/A,"History, Animation, Adventure",https://www.imdb.com/title/tt21937802,"bullfighting, killing, superhero, hungary, trauma, brotherhood, family dinner, murder, family drama, hiding, family, based on song, poem or rhyme, middle ages (476-1453), super strength, innocent, evil brother, rhyme"
999500,MaNan,2022,10,https://image.tmdb.org/t/p/w500/tpMSliYx4B86nZZ9IsV2BA3Ey7q.jpg,,,0,hi,India,N/A,,https://www.imdb.com/title/tt19768068,
940177,SfTK,2022,0,,,,0,en,,N/A,,https://www.imdb.com/title/tt14558050,
993437,My Hero Academia: World Heroes' Mission – Take-off,2022,6.8,https://image.tmdb.org/t/p/w500/A5geSmMtPrWFL0lJ2phn810aUsh.jpg,,,5,ja,Japan,N/A,Animation,https://www.imdb.com/title/tt18933868,anime
651402,Una Great Movie,2019,5,https://image.tmdb.org/t/p/w500/k2mYH3lOWzp7yuStAM37a6IYO6l.jpg,https://www.youtube.com/watch?v=NRUdWjXuwH0,,102,en,,N/A,"Comedy, Romance",https://www.imdb.com/title/tt6765628,
892429,Al Hayba: The Movie,2022,8.3,https://image.tmdb.org/t/p/w500/1NrKQprCCX6tMQmf28WzoPRCCMb.jpg,https://www.youtube.com/watch?v=74OH6CN2U80,,129,ar,Lebanon,N/A,"Drama, War, Thriller",https://www.imdb.com/title/tt26509727,"الهيبة, حرب, دفاع عن العائلة"
1002780,Kamen Rider Geats × Revice: Movie Battle Royale,2022,6.2,https://image.tmdb.org/t/p/w500/wwKOQPKYijGqLdqY7Bp4orYmA5E.jpg,,,95,ja,Japan,N/A,"Action, Science Fiction, Adventure, Drama",https://www.imdb.com/title/tt21417736,"superhero, super power, aftercreditsstinger, masked superhero, superhero teamup, crossover, battle royale, tokusatsu"
973737,Bungo Stray Dogs the Movie: BEAST,2022,9.3,https://image.tmdb.org/t/p/w500/fyWsNdKNcermjFvH8MOK7U4jUSU.jpg,https://www.youtube.com/watch?v=kuzUSdmRbS8,,117,ja,,N/A,"Action, Crime, Fantasy",https://www.imdb.com/title/tt21872792,
1008169,Attack of the Killer Chickens: The Movie,2022,1,https://image.tmdb.org/t/p/w500/r10EXWRnzWUDh6CA40gPceUs2eL.jpg,,,63,en,United States of America,N/A,"Comedy, Science Fiction, Horror",https://www.imdb.com/title/tt8830290,
1032416,Hashtag Blessed: The Movie,2022,0,https://image.tmdb.org/t/p/w500/bitdPonfNH9wYSaZ5cRwOFQZA9R.jpg,,,82,en,United States of America,N/A,"Comedy, Family",https://www.imdb.com/title/tt10230590,
871896,The Movie,2022,6.5,https://image.tmdb.org/t/p/w500/9VMiaOdEQUoLLY47A0ySxXapgtg.jpg,https://www.youtube.com/watch?v=OCnF4szF9ko,,85,en,United States of America,N/A,"Comedy, Horror, Thriller, Drama",https://www.imdb.com/title/tt9624756,"dark comedy, black humor, mockumentary"
957592,Movie Money Confidential,2022,10,https://image.tmdb.org/t/p/w500/xO2LdFzAN4y6jQD7JTvzafPlZhB.jpg,https://www.youtube.com/watch?v=BkPkdWabJ_M,,101,en,,N/A,Documentary,https://www.imdb.com/title/tt7093384,
1027427,Capitol Riots Movie,2022,0,https://image.tmdb.org/t/p/w500/snTigIcd8zgCowhCgRRN9RjbfxE.jpg,https://www.youtube.com/watch?v=alBlqaTbh1w,,33,en,United States of America,N/A,Documentary,https://www.imdb.com/title/tt16732468,"riot, capitol riot"
1038198,NCT DREAM THE MOVIE : In A DREAM,2022,10,https://image.tmdb.org/t/p/w500/qydle2TgTz5Qq0bTeKItG5kcEwS.jpg,,,100,ko,South Korea,N/A,"Documentary, Music",https://www.imdb.com/title/tt23849218,"concert, k-pop"
886024,The Hound of the Baskervilles: Sherlock the Movie,2022,7,https://image.tmdb.org/t/p/w500/6PChD2WZfGhNp5wKFQI0DuvhFV.jpg,,,118,ja,Japan,N/A,"Mystery, Crime",https://www.imdb.com/title/tt22814834,"based on novel or book, detective, sherlock, sherlock holmes"
875315,Trunk Train: The Movie,2022,7.417,https://image.tmdb.org/t/p/w500/oZiUVkDFsda2AZBQmuFkKlrYuA0.jpg,,,98,pt,Brazil,N/A,"Animation, Adventure, Comedy, Family",https://www.imdb.com/title/tt14317018,
1048596,Karagiozis: The Movie,2022,0,https://image.tmdb.org/t/p/w500/hcLPeGdMEQfDtE1WvmZtuKrX9cj.jpg,,,74,el,Greece,N/A,Animation,https://www.imdb.com/title/tt24517128,
927873,The Finellis Movie,2022,7,https://image.tmdb.org/t/p/w500/wUDlZjtLuSvJpkczoSFeTDn0lrx.jpg,https://www.youtube.com/watch?v=3nU1-9-mqxY,,97,en,,N/A,Comedy,https://www.imdb.com/title/tt15037396,
960762,DJS The Movie: Biarkan Aku Menari,2022,6,https://image.tmdb.org/t/p/w500/rYjBbjzyV49p2nVdPkC6tZm29T2.jpg,https://www.youtube.com/watch?v=c3bmTVjPV3M,,0,id,Indonesia,N/A,"Drama, Romance, Music, Fantasy",https://www.imdb.com/title/tt18080778,
1018928,Anak Rimau the Movie,2022,0,https://image.tmdb.org/t/p/w500/7pOV5SoxyBA1IMjAxkoZoXsOdi4.jpg,https://www.youtube.com/watch?v=7ZkIkJci69U,,0,ms,Malaysia,N/A,"Drama, Family",https://www.imdb.com/title/tt21849424,
1042808,Pinkfong Sing-Along Movie 2: Wonderstar Concert,2022,1.5,https://image.tmdb.org/t/p/w500/qc3uAVf5kAiTbwF88WA4xvrCxjc.jpg,https://www.youtube.com/watch?v=jLQN71pjt1I,G,75,ko,South Korea,N/A,"Animation, Family, Music",https://www.imdb.com/title/tt23871460,
981020,7 Secretaries: The Movie,2022,6.5,https://image.tmdb.org/t/p/w500/88obblrjnr1nxM5OdJMjy48vQMj.jpg,,,0,ja,Japan,N/A,"Drama, Crime",https://www.imdb.com/title/tt21651708,"japan, secretary, sanctions"
937315,Avataro Sentai Donbrothers The Movie: New First Love Hero,2022,6.3,https://image.tmdb.org/t/p/w500/8MacEBNLdMnmroPAx6LNmi6oJaj.jpg,https://www.youtube.com/watch?v=pks4rIBxrUg,,33,ja,Japan,N/A,"Action, Adventure, Fantasy, Science Fiction, Family",https://www.imdb.com/title/tt18347074,"filmmaking, based on tv series, sentai, super sentai"
957838,My Big Big Friend: The Movie,2022,9.3,https://image.tmdb.org/t/p/w500/arTxhqrL5gbIdZh4My7PZceTdpq.jpg,,,77,pt,Brazil,N/A,"Family, Animation, Music",https://www.imdb.com/title/tt19379004,"computer animation, brazilian music, good kids"
1098532,"Osho, The Movie",2022,0,https://image.tmdb.org/t/p/w500/cRqMrKIlbj8vXgnytNzqDrEzbFR.jpg,,,116,en,Italy,N/A,Documentary,https://www.imdb.com/title/tt21803164,
813707,RE:cycle of the PENGUINDRUM Part 1: Your Train Is the Survival Tactic,2022,7.6,https://image.tmdb.org/t/p/w500/g4JOzZ47Uncu6jJtmY4QWXSHGT4.jpg,https://www.youtube.com/watch?v=ESOMp_F6d6g,,124,ja,Japan,N/A,"Animation, Drama, Comedy, Science Fiction, Mystery",https://www.imdb.com/title/tt14702778,"anime, psychological"
969044,Aikatsu Planet! The Movie,2022,8,https://image.tmdb.org/t/p/w500/rDqugqW2WYEM5avQoEgWfqe0RHq.jpg,,,43,ja,Japan,N/A,"Animation, Music",https://www.imdb.com/title/tt24580508,"girl heroine, shoujo, anime, idol"
756234,Tsurune the Movie: The First Shot,2022,7,https://image.tmdb.org/t/p/w500/dVlbaMzcytScQV40DOMRFSsxnIp.jpg,https://www.youtube.com/watch?v=yahJvDgbcZA,,102,ja,Japan,N/A,"Animation, Drama",https://www.imdb.com/title/tt15420852,"high school, based on novel or book, sports, competition, friends, slice of life, tournament, archery, school life, anime, school club"
956475,Okay! (The ASD Band Film),2022,6.1,https://image.tmdb.org/t/p/w500/fkWiJN08Y9eWl0RIurUSIOn88kr.jpg,https://www.youtube.com/watch?v=IuqE0NeU05M,,87,en,Canada,N/A,Documentary,https://www.imdb.com/title/tt19498174,
502356,The Super Mario Bros. Movie,2023,7.623,https://image.tmdb.org/t/p/w500/qNBAXBIQlnOThrVvA6mA2B5ggV6.jpg,https://www.youtube.com/watch?v=RjNcTBXTk4I,PG,93,en,Japan,N/A,"Family, Comedy, Adventure, Animation",https://www.imdb.com/title/tt6718170,"gorilla, plumber, villain, anthropomorphism, magic mushroom, based on video game, toad, aftercreditsstinger, duringcreditsstinger, damsel in distress, piano, brother brother relationship, illumination, evil king"
1058699,STILL: A Michael J. Fox Movie,2023,7.7,https://image.tmdb.org/t/p/w500/fDO4gYZxvdsIrHKzsSAbc3N7Wfg.jpg,https://www.youtube.com/watch?v=yHgMSR4F1Ak,,95,en,United States of America,N/A,Documentary,https://www.imdb.com/title/tt19853258,"based on novel or book, archive footage, parkinson's disease, documentary"
877703,Teen Wolf: The Movie,2023,7.51,https://image.tmdb.org/t/p/w500/wAkpPm3wcHRqZl8XjUI3Y2chYq2.jpg,https://www.youtube.com/watch?v=3NbHKvuvI5A,,140,en,United States of America,N/A,"Action, Fantasy, TV Movie",https://www.imdb.com/title/tt15486810,"sequel, werewolf, supernatural creature, based on movie, banshee, northern california, based on tv series"
1100795,Mr. Monk's Last Case: A Monk Movie,2023,7.045,https://image.tmdb.org/t/p/w500/gj74sUGsPMg5qDQooh8GTs4MvbP.jpg,https://www.youtube.com/watch?v=Krfd3OWb4hs,PG,97,en,United States of America,N/A,"Comedy, Crime, Mystery, TV Movie",https://www.imdb.com/title/tt27145269,"san francisco, california, obsessive compulsive disorder (ocd), private detective, nostalgic, mental disorders, based on tv series"
496450,"Miraculous: Ladybug & Cat Noir, The Movie",2023,7.64,https://image.tmdb.org/t/p/w500/dQNJ8SdCMn3zWwHzzQD2xrphR1X.jpg,https://www.youtube.com/watch?v=3fzFvZToh8o,PG,107,fr,China,N/A,"Animation, Fantasy, Action, Romance, Family",https://www.imdb.com/title/tt10364034,"paris, france, superhero, musical, interracial romance, teen superhero"
893723,PAW Patrol: The Mighty Movie,2023,7.067,https://image.tmdb.org/t/p/w500/aTvePCU7exLepwg5hWySjwxojQK.jpg,https://www.youtube.com/watch?v=UDgjJ9XzgHk,PG,87,en,Canada,N/A,"Family, Comedy, Adventure, Animation",https://www.imdb.com/title/tt15837338,"superhero, cartoon, mad scientist, sequel, dog, animals, kids, elasticity"
1088116,The Gilbert Diaries: The Movie,2023,4.9,https://image.tmdb.org/t/p/w500/a0nlQ0x2rtdVXM2Zvh8Ji37Qq35.jpg,,,97,en,,N/A,Comedy,https://www.imdb.com/title/tt21377126,"slapstick comedy, screwball comedy"
1030587,Doraemon the Movie: Nobita's Sky Utopia,2023,7.014,https://image.tmdb.org/t/p/w500/uux6M8z3hxLDkq8LXSzq8528mrq.jpg,,,107,ja,Japan,N/A,"Animation, Adventure, Science Fiction, Family",https://www.imdb.com/title/tt21223380,"anime, lighthearted"
1263056,Climate: The Movie (The Cold Truth),2024,8.4,https://image.tmdb.org/t/p/w500/w7Wg7ju2Q30I3A8kpUKQyGXMfC5.jpg,,,80,en,United Kingdom,N/A,Documentary,https://www.imdb.com/title/tt31851190,climate change
928118,The Movie Teller,2023,6.594,https://image.tmdb.org/t/p/w500/w1TGEhGbcvIp0MnUGdzDdTji9E9.jpg,https://www.youtube.com/watch?v=8RMiJmDHTT8,,116,es,Chile,N/A,"Drama, History",https://www.imdb.com/title/tt1661236,
1059572,New Dimension! Crayon Shin-chan the Movie: Battle of Supernatural Powers ~Flying Sushi~,2023,6.9,https://image.tmdb.org/t/p/w500/a56Fm2YWrlnqlC3TIgDvCJdzlKI.jpg,https://www.youtube.com/watch?v=tDr3KQJR7zA,,94,ja,Japan,N/A,"Animation, Comedy, Action, Adventure, Family, Fantasy, Science Fiction",https://www.imdb.com/title/tt26862791,"superhero, kindergarten, based on manga, seinen, anime, 3d animation"
1022659,The Movie Emperor,2024,5.8,https://image.tmdb.org/t/p/w500/8gKjxerz72MsB4zPXb09VKPWfgo.jpg,https://www.youtube.com/watch?v=cFt1FE_ft8M,,125,zh,China,N/A,"Comedy, Drama",https://www.imdb.com/title/tt28488862,"filmmaking, actor"
1008437,Baby Shark's Big Movie,2024,6.7,https://image.tmdb.org/t/p/w500/pF9Y5H5x94Tuo6xAZBCrGG8Wvq5.jpg,https://www.youtube.com/watch?v=L10V_SQMO0E,NR,78,en,South Korea,N/A,"Family, Comedy, Adventure, Animation, Music",https://www.imdb.com/title/tt15084854,"big city, shark, spin off, educational, starfish"
1153813,The UFO Movie THEY Don't Want You to See,2023,6.5,https://image.tmdb.org/t/p/w500/5WPMxBZLQcBDHTRHnxTfy24X1Gk.jpg,https://www.youtube.com/watch?v=Dir7DwdTy2Q,NR,93,en,United States of America,N/A,Documentary,https://www.imdb.com/title/tt21439392,"education, ufo, space, astronomy, astrophysics, astrobiology, seti"
1064669,Don't Call It Mystery: The Movie,2023,7.6,https://image.tmdb.org/t/p/w500/nvSDsvsVkQ2xj2KUMYuBUaLV1Jr.jpg,,,129,ja,Japan,N/A,"Mystery, Drama",https://www.imdb.com/title/tt27554389,"based on manga, suspense mystery"
1171923,Soul Land Movie: The Battle of Two Gods,2023,8,https://image.tmdb.org/t/p/w500/8UWQgv1SOWuAmAgQfJhi5jAzx5D.jpg,,,0,zh,China,N/A,"Action, Animation, Fantasy",https://www.imdb.com/title/tt11358988,
1147386,ONEMANSHOW: The Movie,2023,4.8,https://image.tmdb.org/t/p/w500/aChBmYPQ747W2T4dAHnYNqB9V4y.jpg,,,100,cs,Czech Republic,N/A,"Comedy, Action, Crime",https://www.imdb.com/title/tt28335618,"kazma, onemanshow"
1155086,Just Like a Christmas Movie,2023,5,https://image.tmdb.org/t/p/w500/5sDEMo8prZ1tmTlyTTPXjBWIKrr.jpg,https://www.youtube.com/watch?v=MVv5P8H2FY0,,90,en,Canada,N/A,"TV Movie, Comedy, Romance",https://www.imdb.com/title/tt28428635,"holiday, christmas"
1133142,Tom Cruise: The Last Movie Star,2023,7,https://image.tmdb.org/t/p/w500/eykwtACYOMMJdTO40vh70BpreUv.jpg,https://www.youtube.com/watch?v=NaYNFTTt5vU,,75,en,United Kingdom,N/A,Documentary,https://www.imdb.com/title/tt28429157,"celebrity, movie star, documentary, tom cruise"
1137172,MAMAMOO: My Con the Movie,2023,0,https://image.tmdb.org/t/p/w500/2qaOGbCvx03uCpzsHrXViaqRaK7.jpg,https://www.youtube.com/watch?v=O29AfbTZohw,NR,124,ko,South Korea,N/A,"Documentary, Music",https://www.imdb.com/title/tt28230511,"behind the scenes, concert film, girl group, k-pop, mamamoo"
1065380,Punk Rock Vegan Movie,2023,5.3,https://image.tmdb.org/t/p/w500/nGc8hvmndIBxmpImJbw6JOgpUOv.jpg,https://www.youtube.com/watch?v=BGC-MhZjM9I,,91,en,United States of America,N/A,Documentary,https://www.imdb.com/title/tt23709132,
1088469,Layangan Putus: The Movie,2023,7.2,https://image.tmdb.org/t/p/w500/kxhqebpoVDye8XDrWsLUpItucv5.jpg,https://www.youtube.com/watch?v=eQcFHZkxXd4,,91,id,Indonesia,N/A,"Drama, Romance",https://www.imdb.com/title/tt26751365,"infidelity, love triangle, single parent, self-discovery, emotional turmoil"
1171586,Cooper2723: The Movie,2023,0,,,,88,en,,N/A,Comedy,https://www.imdb.com/title/tt28110225,
1099109,Shingles the Movie,2023,3.8,https://image.tmdb.org/t/p/w500/dB3RQc2Ccs075yoRyrJ14Ai0Vmw.jpg,https://www.youtube.com/watch?v=hGvSqYTAGWw,NR,117,en,United States of America,N/A,"Horror, Comedy",https://www.imdb.com/title/tt27134064,
1026559,Workers The Movie,2023,8,https://image.tmdb.org/t/p/w500/3Ae0M5pmP5sM2vZk6OwXGu4957A.jpg,https://www.youtube.com/watch?v=V702Qzqdaxk,,95,zh,Taiwan,N/A,"Comedy, Family",https://www.imdb.com/title/tt26936155,
1148189,Super Wings: Maximum Speed,2023,6,https://image.tmdb.org/t/p/w500/wy5CMvgT0T9UdlCb0P75HCd8UAY.jpg,https://www.youtube.com/watch?v=dORv0VTnaFU,,89,ko,China,N/A,"Animation, Family, Adventure",https://www.imdb.com/title/tt28554423,"airplane, based on cartoon, robot, based on tv series, 3d animation"
1087653,Toopy and Binoo The Movie,2023,0,https://image.tmdb.org/t/p/w500/s4dxwuckKCajvJjEBJc2I3ncNeG.jpg,https://www.youtube.com/watch?v=Kv7d6tUJkls,,78,fr,Canada,N/A,"Animation, Adventure, Family",https://www.imdb.com/title/tt27390931,
1181831,BRADMAN: The Movie,2023,0,https://image.tmdb.org/t/p/w500/2SHRdOdYEyGYWGmsUok5WuHGzRY.jpg,,PG-13,123,en,,N/A,"Comedy, Fantasy, Science Fiction",https://www.imdb.com/title/tt3311792,
997086,My Next Life as a Villainess: All Routes Lead to Doom! The Movie,2023,7.6,https://image.tmdb.org/t/p/w500/nBirCFcv4T0WMLo5pXRAplH9PDP.jpg,https://www.youtube.com/watch?v=EMteo5cmzb8,,90,ja,Japan,N/A,"Animation, Comedy, Fantasy, Romance",https://www.imdb.com/title/tt15447084,"based on novel or book, villainess, sequel, slice of life, school, anime, isekai, reverse harem, memories, based on light novel, otome game"
1067413,Didi & Friends The Movie,2023,0,https://image.tmdb.org/t/p/w500/tRyjJkzL9TxUm1URolxlhcTmLhw.jpg,https://www.youtube.com/watch?v=axR4tUhoADg,,104,ms,Malaysia,N/A,"Animation, Music, Adventure, Comedy, Family, Fantasy",https://www.imdb.com/title/tt26773537,"musical, based on cartoon, based on web series, 3d animation"
1370747,Magnolia,2023,0,https://image.tmdb.org/t/p/w500/c8jW0oJyuf0JQZx2JCPqtCpy8UZ.jpg,,,120,en,Trinidad and Tobago,N/A,"Science Fiction, Action, Fantasy",https://www.imdb.com/title/tt25785162,"hero, superhero, super power, young heroes, teen superhero, teenager"
1106528,The New Employee: The Movie,2023,8.8,https://image.tmdb.org/t/p/w500/37C4q9kDlUU1hZH0c2ky2G27TE7.jpg,,NR,115,ko,South Korea,N/A,Romance,https://www.imdb.com/title/tt28681454,"employer employee relationship, office romance, based on webcomic or webtoon, boys' love (bl)"
1160078,Sylvanian Families: The Movie,2023,6,https://image.tmdb.org/t/p/w500/95j4uV9dUJjdUVsyEFU4RmkLeZ4.jpg,https://www.youtube.com/watch?v=ApDjj4m1acE,,66,ja,Japan,N/A,"Animation, Family",https://www.imdb.com/title/tt29710588,based on toy
1069922,Tagged: The Movie,2022,4,https://image.tmdb.org/t/p/w500/beDGlRbheC4O4M9a67u9SWQ2BLe.jpg,,,99,en,United States of America,N/A,"Action, Drama",https://www.imdb.com/title/tt26470411,
1113627,Ship of Dreams: Titanic Movie Diaries,2023,5.8,https://image.tmdb.org/t/p/w500/5aw3GT5hM2VRL2NTD5SUaoanlwf.jpg,https://www.youtube.com/watch?v=KSQtccgDCEg,,90,en,,N/A,Documentary,https://www.imdb.com/title/tt15325396,"movie business, titanic, behind the scenes, documentary"
1100690,Tri Am the Movie,2023,1,https://image.tmdb.org/t/p/w500/wqkG2fVbbcpEBpx9sPuA87hXp1l.jpg,,PG,106,vi,Vietnam,N/A,"Music, Documentary",https://www.imdb.com/title/tt27469258,
1093352,The Last Movie Ever Made,2023,6,https://image.tmdb.org/t/p/w500/rBDYPXruM9lOz7hUnFL37vR1Tdk.jpg,https://www.youtube.com/watch?v=RoMvKdgsghs,,95,en,United States of America,N/A,"Comedy, Science Fiction",https://www.imdb.com/title/tt19355556,
1132766,The Last Amityville Movie,2023,0,https://image.tmdb.org/t/p/w500/izWzaQe6f1i4M86cK7SHXA17YrF.jpg,https://www.youtube.com/watch?v=Vqf6bsz5vrk,,95,en,United States of America,N/A,Horror,https://www.imdb.com/title/tt27485616,found footage
1144610,Pinkfong Sing-Along Movie 3: Catch the Gingerbread Man,2023,0,https://image.tmdb.org/t/p/w500/56sTHCbic95BFzuIXOkDutOwDzj.jpg,,,65,ko,South Korea,N/A,"Animation, Family, Music",https://www.imdb.com/title/tt28367427,
1108298,IDOLiSH7 Movie: LIVE 4bit - BEYOND THE PERiOD,2023,8.2,https://image.tmdb.org/t/p/w500/6YEgRw3tSMju8ofLek7ZuEZwnHX.jpg,,,93,ja,Japan,N/A,"Animation, Music",https://www.imdb.com/title/tt27892601,anime
1148729,Tebus,2023,0,https://image.tmdb.org/t/p/w500/rFeSbNpI9sEsgzDAMjIvz4UFw3P.jpg,https://www.youtube.com/watch?v=Sf_kEO64lvI,,0,ms,Malaysia,N/A,"Action, Romance",https://www.imdb.com/title/tt28114581,
748783,The Garfield Movie,2024,7.063,https://image.tmdb.org/t/p/w500/xYduFGuch9OwbCOEUiamml18ZoB.jpg,https://www.youtube.com/watch?v=yk2Ej59DnrE,PG,100,en,Hong Kong,N/A,"Family, Comedy, Adventure, Animation",https://www.imdb.com/title/tt5779228,"friendship, cat, villain, based on comic, lasagne, computer animation, based on cartoon, food, dog, female villain, aftercreditsstinger, father son relationship, adaptation, absurd"
1333100,Attack on Titan: THE LAST ATTACK,2024,8.602,https://image.tmdb.org/t/p/w500/wgwldDDlTDDMrluOMkpSA8lyKjv.jpg,https://www.youtube.com/watch?v=3xNH23QkNpk,NR,145,ja,Japan,N/A,"Animation, Action, Adventure, Fantasy",https://www.imdb.com/title/tt33175825,"dystopia, giant monster, compilation, based on manga, aftercreditsstinger, edited from tv series, shounen, anime, suspenseful, complicated, powerful, straightforward, tragic"
1146556,The 4:30 Movie,2024,5.52,https://image.tmdb.org/t/p/w500/u6VkCZExHhQ55N24exaqXQmsOL4.jpg,https://www.youtube.com/watch?v=q1Wyfi39lRI,R,88,en,United States of America,N/A,"Comedy, Romance",https://www.imdb.com/title/tt28658276,"coming of age, teenage crush, semi autobiographical, movie theater"
831815,Saving Bikini Bottom: The Sandy Cheeks Movie,2024,5.894,https://image.tmdb.org/t/p/w500/30YnfZdMNIV7noWLdvmcJS0cbnQ.jpg,https://www.youtube.com/watch?v=Ud6-SGnzH3k,G,87,en,United States of America,N/A,"Animation, Comedy, Adventure, Family",https://www.imdb.com/title/tt23063732,"squirrel, texas, road trip, save the day, based on tv series, demeaning"
1148677,Doraemon the Movie: Nobita's Earth Symphony,2024,7.316,https://image.tmdb.org/t/p/w500/1W5Kg4K27U3dx9Kxb8DaE6WFLHI.jpg,https://www.youtube.com/watch?v=fAfFd2jRT0U,,115,ja,Japan,N/A,"Animation, Music, Comedy, Drama, Family, Fantasy, Adventure",https://www.imdb.com/title/tt29402528,"gadget, school, based on manga, anime, music"
1265662,Buzz House: The Movie,2024,5.8,https://image.tmdb.org/t/p/w500/b9UHxRBkKn5TXBRYK82R5OIxL6y.jpg,https://www.youtube.com/watch?v=gd7EUhDaiG0,,93,ro,Romania,N/A,"Comedy, Horror",https://www.imdb.com/title/tt31703444,
1045467,Not Another Church Movie,2024,3.6,https://image.tmdb.org/t/p/w500/hLEWhuLToCrSCs3viyM6E4ztOHj.jpg,https://www.youtube.com/watch?v=9HZuafmpwzE,R,91,en,United States of America,N/A,Comedy,https://www.imdb.com/title/tt19358036,"satire, parody, god, devil, disturbed, distressing"
1266002,The Real Bros of Simi Valley: The Movie,2024,6.8,https://image.tmdb.org/t/p/w500/mB9MUN88ygekmN2bxFEH0QvofBG.jpg,https://www.youtube.com/watch?v=HEMyigonw1s,PG-13,105,en,United States of America,N/A,Comedy,https://www.imdb.com/title/tt31945450,"parody, surf, high school reunion, based on tv series, men"
1254724,SUGA | Agust D TOUR 'D-DAY' THE MOVIE,2024,6.9,https://image.tmdb.org/t/p/w500/A4IzXiX0LjIn3BQHRCcePXzaE4M.jpg,https://www.youtube.com/watch?v=4mtUOuK7TOU,,84,ko,South Korea,N/A,"Music, Documentary",https://www.imdb.com/title/tt31579728,"concert, pop music, concert film, stage performance, k-pop, solo artist, music documentary, korean, music"
1216512,The Casagrandes Movie,2024,7.07,https://image.tmdb.org/t/p/w500/1ZHetsKD44xB63ZjTjqryC0CtoL.jpg,https://www.youtube.com/watch?v=jOCIRd7kQZ8,PG,86,en,United States of America,N/A,"Animation, Comedy, Family",https://www.imdb.com/title/tt31123288,"mexico, birthday, demigod, trip"
870360,The Day the Earth Blew Up: A Looney Tunes Movie,2024,7.6,https://image.tmdb.org/t/p/w500/s2lB1kaYCdGSnZX5meQCiOR6HfX.jpg,https://www.youtube.com/watch?v=BtHUWHXfDyU,,90,en,United States of America,N/A,"Family, Comedy, Adventure, Animation",https://www.imdb.com/title/tt15352542,"chewing gum, zombie, alien invasion, buddy comedy, chaotic, based on tv series, slapstick"
929563,Big City Greens the Movie: Spacecation,2024,7.6,https://image.tmdb.org/t/p/w500/wV0nNtlL0nxgse8llRi7SypkCQI.jpg,https://www.youtube.com/watch?v=zikAYUFJyPQ,PG,82,en,United States of America,N/A,"Animation, Family, Comedy, Music, TV Movie",https://www.imdb.com/title/tt22752312,"based on cartoon, farmer family, family life"
1280768,No Time to Spy: A Loud House Movie,2024,7,https://image.tmdb.org/t/p/w500/mh4Mk95u7fdY4D4t5kRGQpQbVFy.jpg,https://www.youtube.com/watch?v=3gPGMqXUFl0,G,81,en,United States of America,N/A,"Animation, Action, Adventure, Comedy, Family",https://www.imdb.com/title/tt32223312,"secret agent, dysfunctional family, based on tv series"
1209058,Ryan's World the Movie: Titan Universe Adventure,2024,2.3,https://image.tmdb.org/t/p/w500/4Eyzvc3NxaZZm7KWGNxlt69ZPdF.jpg,https://www.youtube.com/watch?v=2AlhyDe8nRE,,80,en,Japan,N/A,"Family, Animation, Comedy, Fantasy, Action",https://www.imdb.com/title/tt29898251,"comic book, robot, unicorn, pre-teen, live action and animation, children's adventure, teen superhero, social media influencer, big brother, twin sisters, cliché, based on youtube show"
1267693,Shannon Matthews: The Musical... The Movie!,2024,10,https://image.tmdb.org/t/p/w500/hVZwX0uuBvGVdYrfytU3IkaFOiB.jpg,https://www.youtube.com/watch?v=gFwD6vojP-U,,91,en,United Kingdom,N/A,"Music, Comedy, Crime",https://www.imdb.com/title/tt31511375,"dark comedy, musical, based on true story, based on play or musical, yorkshire, true crime, missing child, henpecked husband, musical comedy, karen, crowdfunded film, independent film, missing girl"
1275899,Slave Play. Not a Movie. A Play.,2024,0,https://image.tmdb.org/t/p/w500/wxwK38JeW5nERWEsKXfGpf5faLM.jpg,https://www.youtube.com/watch?v=wic7CFdmRbo,,79,en,United States of America,N/A,Documentary,https://www.imdb.com/title/tt32149776,
1210989,Teasing Master Takagi-san,2024,7.6,https://image.tmdb.org/t/p/w500/sBzPJ4z1CSjGxK0wM1n5MUQjDdd.jpg,,,119,ja,Japan,N/A,"Comedy, Romance",https://www.imdb.com/title/tt30971598,"romance, slice of life, based on manga, teachers"
1317021,Abducted at an HBCU: A Black Girl Missing Movie,2024,5,https://image.tmdb.org/t/p/w500/wG8KbFWU8g1jS56dAkeWVMUdvIY.jpg,https://www.youtube.com/watch?v=d-UIJLP97EU,PG-13,85,en,United States of America,N/A,"TV Movie, Drama, Mystery",https://www.imdb.com/title/tt32560625,
1181957,Glenn Fredly: The Movie,2024,6.8,https://image.tmdb.org/t/p/w500/aZOlHUnef7mJCgBoc3yFwkm28WJ.jpg,https://www.youtube.com/watch?v=PImfP_ddOro,,121,id,Indonesia,N/A,"Drama, Music",https://www.imdb.com/title/tt31024893,"jazz, jazz singer or musician, biography, based on true story, based on real person"
1181214,Guy Manley - A Real Movie,2024,10,https://image.tmdb.org/t/p/w500/huymdsJ2eTAEu28Ff6q9ppsS67E.jpg,https://www.youtube.com/watch?v=VIVhSL0D3k0,,90,en,Sweden,N/A,"Action, Comedy, Science Fiction, Thriller",https://www.imdb.com/title/tt29005580,"spy, gadget, secret agent, god, nemesis, singing, over the top, theme song, screwball comedy, evil, buddy cop, homage, skateboarder, epic battle, evil dictator, comic drunk, jetpack, musical notes, epic fights, musical acts, computer technology, based on short, nerd culture, comical sidekick, explosions, legends, computer hacker, celebrity cameo, comedy"
1209558,Ultraman Blazar The Movie: Tokyo Kaiju Showdown,2024,5.667,https://image.tmdb.org/t/p/w500/onxVPb3vuTPJuzzUDqgPlSPse0h.jpg,https://www.youtube.com/watch?v=PbM27lkyWag,,75,ja,,N/A,"Science Fiction, Action",https://www.imdb.com/title/tt30107378,"giant monster, alien, giant robot, alien invasion, kaiju, ultraman, tokusatsu"
1326895,Patrice: The Movie,2024,0,https://image.tmdb.org/t/p/w500/iKMciEw1v0nGsZIA8qHQA756Aak.jpg,https://www.youtube.com/watch?v=zoPi5_uTpFo,,102,en,United States of America,N/A,"Documentary, History",https://www.imdb.com/title/tt30342963,
989730,Mononoke the Movie: The Phantom in the Rain,2024,7.238,https://image.tmdb.org/t/p/w500/xE06xrZkIipJMPSgWoeelohxi9h.jpg,https://www.youtube.com/watch?v=OVDCDT_Lldw,,91,ja,Japan,N/A,"Animation, Fantasy, Mystery",https://www.imdb.com/title/tt32574149,"magic, based on manga, demon, seinen, japanese mythology, anime, based on anime, animated horror, supernatural horror, based on tv series, psychological horror, horror"
798051,The Amazing World of Gumball: The Movie!,,0,https://image.tmdb.org/t/p/w500/q4TYsqGbLT8Y0Aaotw2QO9gJ3zP.jpg,,,0,en,United Kingdom,N/A,"Animation, Comedy, Family, TV Movie, Adventure, Fantasy",https://www.imdb.com/title/tt14317038,"portal, live action and animation"
1110696,I Want to Be Neenja! The Movie,2024,1,https://image.tmdb.org/t/p/w500/KFRZzzkkJdJlwrDOwuDPTrNRtV.jpg,https://www.youtube.com/watch?v=u5gjkY_CfvE,,90,en,,N/A,Comedy,https://www.imdb.com/title/tt27797014,"mission, ninja"
1384336,Another Cabin in the Woods Movie,2024,2,https://image.tmdb.org/t/p/w500/e4PIk1gvncZ9ox6vbWiDzKs79Ew.jpg,https://www.youtube.com/watch?v=8MdbG2GXJ7M,,77,en,,N/A,"Horror, Comedy",https://www.imdb.com/title/tt31512219,
1230477,Given the Movie: Hiiragi Mix,2024,6.286,https://image.tmdb.org/t/p/w500/3IvIJhgEzXa0E4wiXbVRxB6iwT1.jpg,,,71,ja,Japan,N/A,"Animation, Romance",https://www.imdb.com/title/tt31257225,"urban, rock music, based on manga, rock band, anime, music, boys' love (bl)"
1252371,Yumi's Cells: The Movie,2024,7.8,https://image.tmdb.org/t/p/w500/hmdaq86MzrRe93YHDG4aZ1QcsWt.jpg,,,93,ko,South Korea,N/A,"Animation, Romance, Comedy",https://www.imdb.com/title/tt31152244,"based on tv series, 3d animation, based on webcomic or webtoon"
1084221,Grainne Uaile: The Movie,2024,0,https://image.tmdb.org/t/p/w500/da5dNTRNulNKE3dJwNO27AujExc.jpg,,,270,en,Ireland,N/A,"Action, History, Drama",https://www.imdb.com/title/tt2766800,"feminism, pirate, 16th century, irish history, historical epic, independent film"
1370896,Tamia - The First Battle Gen,2024,0,https://image.tmdb.org/t/p/w500/isrwAH1WDxyoDasmViljOppYRJh.jpg,,,120,en,,N/A,"Science Fiction, Adventure, Action, Fantasy",https://www.imdb.com/title/tt27588229,
1233090,The Wrong Movie,2024,0,https://image.tmdb.org/t/p/w500/wjH2IaEV6gCmMTAWCQDVb5Nmbha.jpg,,,96,en,United States of America,N/A,Drama,https://www.imdb.com/title/tt30954062,
1234402,Cheech & Chong's Last Movie,2025,0,https://image.tmdb.org/t/p/w500/pSfEKiEagO0Ql1gLpn6ca5ZE24O.jpg,https://www.youtube.com/watch?v=9KUlnijJavY,R,123,en,United States of America,N/A,Documentary,https://www.imdb.com/title/tt30833959,
1302290,The Naboo Movie,2024,0,https://image.tmdb.org/t/p/w500/7Q5HX6sGVxaZl56dJgRrHRq2vZq.jpg,,,169,en,United States of America,N/A,Comedy,https://www.imdb.com/title/tt32430007,"parody, live recording"
1295460,BABYMETAL LEGEND - 43 The Movie,2024,9,https://image.tmdb.org/t/p/w500/PL4qFLH29dG32v1WRj2Kwu32us.jpg,https://www.youtube.com/watch?v=ojgxZebwUkE,,83,ja,Japan,N/A,"Music, Documentary",https://www.imdb.com/title/tt32986910,"heavy metal, okinawa, concert film, japanese music, j-rock, kawaii metal, japanese"
1309895,Parshawan,2024,0,https://image.tmdb.org/t/p/w500/odpBOeeLUxsamCX3ptPAyZXTGEV.jpg,,,86,pa,,N/A,"Drama, Crime",https://www.imdb.com/title/tt32658018,
1266540,Wonderful PreCure! The Movie: A Grand Adventure in a Thrilling♡Game World!,2024,5.3,https://image.tmdb.org/t/p/w500/70AROxaNAKN5fmX8rNn7YV8wpdY.jpg,https://www.youtube.com/watch?v=Qj54m_RWVhE,,71,ja,Japan,N/A,"Animation, Action, Adventure, Comedy, Family, Fantasy, Science Fiction",https://www.imdb.com/title/tt31806053,"virtual reality, superhero, pet, game, precure, supervillain, anime, based on tv series, trapped in a game, crossover, magical girl"
950387,A Minecraft Movie,2025,6.148,https://image.tmdb.org/t/p/w500/yFHHfHcUgGAxziP1C3lLt0q2T4s.jpg,https://www.youtube.com/watch?v=8B1EtVPBSMw,PG,101,en,Sweden,N/A,"Family, Comedy, Adventure, Fantasy",https://www.imdb.com/title/tt3566834,"friendship, surrealism, exploration, portal, miner, friends, survival, zombie, blunt, based on video game, aftercreditsstinger, duringcreditsstinger, journey, frantic, imagination, teamwork, fantasy, building"
1104845,Plankton: The Movie,2025,6.8,https://image.tmdb.org/t/p/w500/hGaUNLF5VZbg9ovPTyjm9Rv5xWz.jpg,https://www.youtube.com/watch?v=IHRScjhllsQ,,83,en,United States of America,N/A,"Animation, Adventure, Comedy, Family, Fantasy",https://www.imdb.com/title/tt32560777,"based on cartoon, based on tv series, 3d animation, hilarious, indifferent"
926670,Henry Danger: The Movie,2025,7.794,https://image.tmdb.org/t/p/w500/dFWj2rOGsqSIX1PHFghbCBgpMnk.jpg,https://www.youtube.com/watch?v=Rcc9veq0JgM,PG,86,en,United States of America,N/A,"Action, Comedy, Family, Science Fiction",https://www.imdb.com/title/tt7787524,"superhero, supervillain, based on tv series"
1154538,Nirvanna the Band the Show the Movie,2025,0,https://image.tmdb.org/t/p/w500/uPt56gCnwYzmwdWAdUIMdjzJk75.jpg,,,100,en,Canada,N/A,Comedy,https://www.imdb.com/title/tt35522483,"toronto, canada"
982116,Butthole Surfers: The Hole Truth and Nothing Butt,2025,0,https://image.tmdb.org/t/p/w500/lQY0rfgJmPIjsMv9HUyTRpE5L0H.jpg,https://www.youtube.com/watch?v=UFtkc11i3uE,,106,en,United States of America,N/A,"Documentary, Music",https://www.imdb.com/title/tt16304140,"austin, texas, alternative music, music documentary, punk, music, butthole surfers"
936108,Smurfs,2025,0,https://image.tmdb.org/t/p/w500/vdSZpNDvoxmswp2OwUoMD1ypEMP.jpg,https://www.youtube.com/watch?v=RX1bLg9funM,,0,en,United States of America,N/A,"Animation, Family, Fantasy",https://www.imdb.com/title/tt18069420,"musical, based on comic"
1417991,Spice Bois: Da Movie,2025,0,https://image.tmdb.org/t/p/w500/x1VoFOjc7e10F29oCRBIYT7O6yg.jpg,https://www.youtube.com/watch?v=MKpUuR8zd-Q,,112,sv,Sweden,N/A,"Action, Comedy",https://www.imdb.com/title/tt22234650,
991494,The SpongeBob Movie: Search for SquarePants,2025,0,https://image.tmdb.org/t/p/w500/341s6WmDqYflj0gNUCOF4QvrSxH.jpg,,,0,en,United States of America,N/A,"Family, Comedy, Adventure, Animation",https://www.imdb.com/title/tt23572848,based on cartoon
1127083,Desa Mati The Movie,2025,2,https://image.tmdb.org/t/p/w500/w6W0fXHP8I7zdqp3hhC9A1zkrgG.jpg,https://www.youtube.com/watch?v=Q0_KrFS5cqk,,76,id,Indonesia,N/A,Horror,https://www.imdb.com/title/tt26347570,
1137884,Alien Interloper The Movie,,10,https://image.tmdb.org/t/p/w500/xryyWdtmVXsTC1ChOnuWAlAWHpP.jpg,,,90,en,,N/A,Animation,https://www.imdb.com/title/tt26425678,alien interloper
1218925,Chainsaw Man - The Movie: Reze Arc,2025,0,https://image.tmdb.org/t/p/w500/dcqMi5WkJW20NpI7yESFukEdJYo.jpg,,,0,ja,Japan,N/A,"Animation, Action, Horror, Fantasy",https://www.imdb.com/title/tt30472557,"supernatural, secret organization, sequel, chainsaw, based on manga, demon, adult animation, shounen, anime"
1381118,Delco: The Movie,,0,,,,0,en,,N/A,,https://www.imdb.com/title/tt30699629,
1353154,Not Another Christmas Movie,,0,https://image.tmdb.org/t/p/w500/jOE1mHQ9HVa6dsVMLOeZoFaPRHs.jpg,https://www.youtube.com/watch?v=zzX6Rn5hQDc,,0,en,,N/A,Comedy,https://www.imdb.com/title/tt32047798,"parody, spoof, christmas"
1273221,Scary Movie,2026,0,https://image.tmdb.org/t/p/w500/8a1l2NgldyD1HME1sPYI3p8ASuJ.jpg,,,0,en,United States of America,N/A,"Comedy, Horror",https://www.imdb.com/title/tt32093575,"parody, slapstick comedy, reboot, horror comedy"
1280282,Gabby's Dollhouse: The Movie,2025,0,https://image.tmdb.org/t/p/w500/YcBDGGzRhXQK8snVv8hfsgMvMr.jpg,,,0,en,United States of America,N/A,"Family, Comedy, Adventure, Animation",https://www.imdb.com/title/tt32214143,
1383683,Amityville Barbi,,0,https://image.tmdb.org/t/p/w500/xMPhkPCATSi7jpSR28D1h3Dxv6f.jpg,,,0,en,United States of America,N/A,Horror,https://www.imdb.com/title/tt32229794,
1286444,BoBoiBoy Movie 3: Gur'latan,,0,,,,0,ms,Malaysia,N/A,"Animation, Action, Adventure, Comedy, Family, Science Fiction, Fantasy",https://www.imdb.com/title/tt32310420,"hero, superhero, villain, sequel, based on cartoon, supervillain, series finale, based on tv series, 3d animation"
1311031,Demon Slayer: Kimetsu no Yaiba Infinity Castle,2025,0,https://image.tmdb.org/t/p/w500/s9d8RTT2g5r1KaONvob8RikttSg.jpg,https://www.youtube.com/watch?v=F6v_I34-EWY,,0,ja,Japan,N/A,"Animation, Action, Fantasy, Thriller",https://www.imdb.com/title/tt32820897,"supernatural, sequel, based on manga, demon, shounen, anime, animated horror, brother sister relationship"
1322752,COLORFUL STAGE! The Movie: A Miku Who Can't Sing,2025,9,https://image.tmdb.org/t/p/w500/qV3PskhMDONIWrLuz5tYS4XxTrf.jpg,https://www.youtube.com/watch?v=3bD1dfiRMu4,PG,105,ja,Japan,N/A,"Animation, Music, Drama, Science Fiction",https://www.imdb.com/title/tt33050528,"musical, anime, music, idol, vocaloid, based on mobile game"
1443729,A Cell Phone Movie,2025,0,https://image.tmdb.org/t/p/w500/f6jixjhYW9oxlHg7c1AoqV1v5uk.jpg,https://www.youtube.com/watch?v=fhN1ES0hOn4,R,75,en,,N/A,Comedy,https://www.imdb.com/title/tt33241871,"cell phone, meta, independent film, comedy, a cell phone movie, indie comedy"
1357359,Ejen Ali: The Movie 2,2025,0,https://image.tmdb.org/t/p/w500/dqI44Ss2pm24aUj6wgbIHCaHBA6.jpg,https://www.youtube.com/watch?v=F9w03TOLbcM,,0,ms,Malaysia,N/A,"Animation, Action, Adventure, Comedy, Family, Mystery, Science Fiction, Thriller",https://www.imdb.com/title/tt33381728,"spy, sequel, based on cartoon, agent, bionic, based on tv series, 3d animation, second part"
